ID,ZIP Code,Gender,Age,Education,Experience,Family,Income,CCAvg,Mortgage,Securities Account,CD Account,Online,CreditCard,Personal Loan
A_1385,94110,F,64,3,40,2,8,0.3,0,0,0,1,0,0
A_827,92104,M,64,3,39,3,8,0.1,87,0,0,0,1,0
A_728,94618,F,63,2,37,1,8,0.8,97,0,0,1,0,0
A_200,95060,F,52,1,28,1,8,0.3,0,0,0,1,0,0
A_1175,94960,M,40,2,15,2,8,0.1,0,0,0,0,0,0
A_989,93401,F,36,3,11,4,8,0.2,81,0,0,0,1,0
A_834,94043,M,35,2,9,1,8,0.4,0,0,0,1,0,0
A_1071,95131,M,31,2,7,4,8,0.7,0,0,0,0,0,0
A_250,91320,M,62,1,37,1,9,0.1,94,0,0,0,0,0
A_1734,93907,M,61,3,37,2,9,0.3,0,0,0,1,0,0
A_1026,91911,M,50,1,25,2,9,0,0,1,0,0,0,0
A_778,92630,M,48,2,24,4,9,0.5,0,0,0,0,1,0
A_251,95023,M,46,3,21,2,9,0.7,0,0,0,1,0,0
A_1078,94005,F,46,1,20,1,9,0.2,0,0,0,1,0,0
A_508,91710,F,42,3,17,2,9,0,0,0,0,0,0,0
A_698,92634,F,38,2,13,2,9,0.3,0,0,0,0,0,0
A_297,94604,F,36,3,11,4,9,0.2,0,0,0,0,1,0
A_744,93106,F,35,2,11,4,9,0.7,0,0,0,1,0,0
A_1890,90230,F,36,3,11,4,9,0.2,0,0,0,1,0,0
A_668,92037,F,29,3,4,4,9,0.5,86,0,0,1,1,0
A_603,95014,F,28,2,2,1,9,0.1,0,0,0,1,0,0
A_1299,90095,M,63,1,37,2,10,0.4,0,0,0,1,0,0
A_286,90740,M,61,1,36,1,10,0.1,0,0,0,0,0,0
A_380,91365,F,61,2,36,4,10,0.4,0,0,0,1,0,0
A_999,92121,F,60,1,36,2,10,1,0,0,0,1,1,0
A_579,90095,F,53,1,29,2,10,0.4,0,0,0,0,0,0
A_1224,92121,F,51,1,27,2,10,0.2,86,0,0,0,0,0
A_1054,92037,F,45,2,18,3,10,0.67,100,0,0,1,0,0
A_1149,91902,M,43,2,18,2,10,0.1,0,1,0,0,1,0
A_1045,94708,M,40,3,15,2,10,0,102,0,0,1,0,0
A_1609,92705,M,39,2,14,2,10,0.3,0,1,0,0,1,0
A_886,92354,F,31,3,7,1,10,0.5,81,0,0,1,0,0
A_77,92325,M,66,3,41,3,11,0.1,0,1,0,0,1,0
A_1487,91711,M,63,2,37,1,11,0.8,102,0,0,0,1,0
A_612,94949,F,59,1,35,2,11,1,0,0,0,0,1,0
A_1816,94305,M,60,3,34,4,11,0.7,0,0,0,1,0,0
A_1778,94110,M,56,1,32,2,11,0.3,89,0,0,0,0,0
A_453,92192,M,47,1,22,2,11,0,78,0,0,0,0,0
A_895,94143,M,45,1,21,4,11,0.2,106,0,0,1,1,0
A_459,91330,F,41,1,17,1,11,1,0,0,0,0,0,0
A_20,91320,M,34,1,8,4,11,0.3,0,1,1,1,1,0
A_291,94534,M,28,3,3,4,11,0.5,0,0,0,0,0,0
A_833,93023,M,61,2,36,4,12,0.6,0,0,0,1,1,0
A_1216,95621,M,53,1,29,1,12,0.3,0,0,0,0,0,0
A_1403,91007,M,51,1,27,2,12,0.2,0,0,0,0,0,0
A_1971,92697,M,51,1,27,2,12,0.4,0,0,0,0,1,0
A_188,90250,M,46,3,20,4,12,0.6,0,0,0,0,1,0
A_1663,94542,F,44,2,17,3,12,0.67,0,0,0,1,0,0
A_1314,90033,M,40,1,16,1,12,1,91,1,0,0,0,0
A_60,92093,F,39,3,14,2,12,0,0,0,0,0,0,0
A_58,94143,M,38,2,13,2,12,0.3,104,1,0,1,0,0
A_1905,91605,F,23,1,-1,4,12,1,90,0,0,1,0,0
A_548,90024,F,61,3,37,2,13,0.3,0,0,0,1,0,0
A_1617,91711,M,61,1,36,3,13,0.5,0,0,0,1,0,0
A_885,94588,M,57,2,32,4,13,0.9,78,1,0,1,0,0
A_736,94305,F,56,2,31,4,13,0.9,76,0,1,1,1,0
A_1243,93943,M,55,1,31,4,13,0.7,0,0,0,1,0,0
A_1955,92037,F,54,1,30,1,13,0.3,0,0,0,0,0,0
A_1113,95054,F,49,1,25,3,13,0.4,106,0,0,1,0,0
A_373,94608,F,49,3,24,1,13,0.4,101,1,0,0,0,0
A_123,91125,F,41,3,16,2,13,0,0,0,0,1,0,0
A_1601,91791,M,28,1,2,4,13,0.4,0,0,0,0,1,0
A_672,95814,F,25,1,1,4,13,1,95,0,0,0,1,0
A_1637,94720,F,23,1,-1,4,13,1,84,0,0,1,0,0
A_1772,95616,F,25,1,-1,4,13,0.4,0,1,0,0,0,0
A_1123,92630,F,63,2,38,4,14,0.4,86,0,0,1,1,0
A_1011,94305,F,59,1,35,2,14,1,107,0,0,1,0,0
A_873,94005,F,53,1,28,4,14,0.8,0,0,0,1,1,0
A_162,92182,M,51,1,26,2,14,0,103,0,0,1,0,0
A_138,92037,F,50,1,25,4,14,0.8,0,0,0,1,0,0
A_1656,91330,M,48,1,24,3,14,0.4,0,0,0,1,0,0
A_1293,94303,M,48,3,22,2,14,0.1,0,0,0,1,0,0
A_1428,94720,M,44,3,18,2,14,0.1,98,0,0,0,1,0
A_773,91768,F,42,2,17,2,14,0.1,0,0,0,1,0,0
A_497,92064,M,42,2,15,3,14,1,0,1,0,0,0,0
A_577,90740,M,37,2,11,3,14,0.1,113,0,0,1,0,0
A_1825,94720,F,35,1,11,4,14,1,0,0,1,1,1,0
A_977,95133,M,33,3,9,3,14,0.9,114,0,0,0,0,0
A_1516,91320,M,33,2,9,4,14,0.7,105,0,0,1,0,0
A_1696,95014,M,34,1,8,4,14,0.3,0,0,0,0,0,0
A_1930,94590,M,29,3,4,4,14,0.5,0,0,0,0,1,0
A_721,94301,M,26,1,0,4,14,0.4,94,0,0,1,0,0
A_779,94583,M,62,3,37,3,15,0.1,91,0,0,0,0,0
A_1567,94303,M,57,1,33,2,15,0.3,0,0,0,1,0,0
A_326,90089,M,56,2,32,1,15,0.1,0,0,0,1,0,0
A_611,95747,F,55,1,31,1,15,0.2,0,0,0,0,0,0
A_285,92373,F,51,1,26,2,15,0,114,0,0,1,0,0
A_179,94720,M,51,3,25,4,15,0.6,0,0,0,0,1,0
A_193,90405,M,44,1,20,1,15,1,0,0,0,1,0,0
A_1984,95370,M,46,3,20,4,15,0.6,0,1,0,1,0,0
A_1524,94124,F,41,2,16,2,15,0.3,83,0,0,0,0,0
A_740,93561,F,39,2,14,2,15,0.3,92,0,0,0,0,0
A_1027,90245,M,38,2,13,2,15,0.1,90,0,0,1,0,0
A_252,94720,M,36,2,11,2,15,0.3,119,0,0,0,0,0
A_597,91380,F,31,3,7,3,15,0.9,0,0,0,1,0,0
A_1921,94309,F,64,3,40,2,18,0.3,0,1,1,1,1,0
A_295,94923,M,65,1,39,2,18,0.4,0,1,1,1,1,0
A_1206,92028,M,62,2,37,1,18,1.5,127,0,0,0,0,0
A_1894,95010,F,61,1,36,1,18,1.3,0,0,0,0,0,0
A_1828,94303,M,61,3,35,3,18,0.3,0,0,0,0,0,0
A_114,95814,M,59,2,34,3,18,1.3,104,0,1,1,1,0
A_462,94701,M,58,2,33,3,18,0.1,110,0,0,1,0,0
A_1355,94402,F,58,2,33,3,18,0.1,0,0,0,1,1,0
A_468,91301,F,52,1,28,1,18,0.3,120,0,0,1,0,0
A_1370,94304,F,48,1,24,4,18,0.2,0,0,0,1,1,0
A_1605,92521,F,46,1,20,1,18,0.2,0,0,0,1,1,0
A_1109,93943,F,44,3,18,2,18,0.1,0,0,0,1,0,0
A_538,92093,F,33,3,7,1,18,0.6,0,0,0,0,0,0
A_1707,94720,F,31,3,7,1,18,0.4,0,0,0,1,0,0
A_1633,94111,M,31,2,5,4,18,0.3,0,0,0,0,1,0
A_1842,90277,M,30,2,4,2,18,0.3,0,0,0,1,0,0
A_429,90504,M,58,3,34,1,19,1.2,0,0,0,0,0,0
A_205,95348,F,57,1,32,1,19,1.3,0,0,0,1,0,0
A_1887,90405,M,58,3,32,4,19,0.7,0,0,0,0,0,0
A_1570,91109,M,61,3,31,1,19,1.5,0,0,0,1,0,0
A_43,92109,M,55,3,29,4,19,0.7,121,1,0,0,1,0
A_1012,94608,F,53,1,28,4,19,0.8,106,0,0,0,1,0
A_261,90650,F,52,2,26,2,19,0.7,0,0,0,0,1,0
A_1163,95812,F,51,3,25,1,19,1.4,98,0,0,0,0,0
A_1374,94545,F,49,3,25,1,19,0.9,0,0,0,0,0,0
A_572,92673,F,53,3,23,4,19,0.4,84,0,0,1,0,0
A_1574,90272,F,50,2,23,1,19,0.5,104,0,0,0,1,0
A_1833,94521,M,49,3,23,4,19,0.6,0,0,0,1,1,0
A_1512,94590,M,47,3,22,1,19,0.4,0,0,0,1,0,0
A_1628,95616,M,48,3,22,2,19,0.1,106,0,0,0,0,0
A_22,92612,M,50,3,20,4,19,0.4,0,0,0,0,0,0
A_516,94305,F,46,2,19,3,19,0.67,0,0,0,1,0,0
A_937,92115,F,42,3,17,2,19,0,85,0,0,1,1,0
A_198,92028,M,40,2,16,4,19,0.4,0,0,0,1,1,0
A_631,91730,M,41,2,16,2,19,0.3,105,0,0,0,0,0
A_1695,90630,M,40,3,15,4,19,0.2,0,0,0,1,0,0
A_1716,94112,F,44,3,14,1,19,0.75,0,0,0,0,1,0
A_399,92069,F,38,2,13,2,19,1.4,120,0,0,0,1,0
A_1429,95054,M,37,2,11,3,19,0.2,0,0,0,1,0,0
A_365,96001,F,31,3,6,4,19,1.1,104,0,1,1,1,0
A_1832,92521,M,34,3,4,1,19,0.67,83,0,0,1,0,0
A_339,91741,F,67,1,41,2,20,0.4,80,0,0,0,0,0
A_824,94608,M,65,1,40,3,20,0.5,102,0,0,1,1,0
A_1473,92647,F,65,3,40,3,20,0.1,0,0,0,0,1,0
A_148,90066,F,63,2,37,1,20,0.8,0,1,0,0,1,0
A_684,94704,M,63,1,37,2,20,0.4,76,0,0,0,0,0
A_1803,92110,F,60,1,35,1,20,1.3,0,0,0,1,0,0
A_10,94066,M,47,1,21,1,20,0.2,0,0,0,1,1,0
A_192,92780,F,44,3,20,1,20,1.4,0,0,0,0,0,0
A_1631,94110,F,43,1,19,3,20,0.5,0,0,0,0,0,0
A_983,94024,M,38,2,14,4,20,0.4,79,0,0,1,1,0
A_330,90033,F,36,1,10,4,20,0.3,97,0,0,1,0,0
A_151,92648,M,34,3,9,4,20,1.1,0,0,0,1,0,0
A_1679,95521,F,33,2,9,4,20,0.7,0,0,0,1,0,0
A_536,92691,M,33,1,8,3,20,1.3,83,0,0,0,1,0
A_1030,93106,M,32,3,8,1,20,0.5,102,0,0,1,0,0
A_463,94720,F,31,1,5,2,20,0.3,0,0,0,0,0,0
A_627,92007,M,27,1,3,4,20,1,0,0,0,0,0,0
A_1323,95616,F,27,1,3,4,20,1,134,0,0,1,1,0
A_1340,95064,F,27,3,2,4,20,0.5,0,0,0,1,0,0
A_1966,92806,F,25,1,1,4,20,1,0,0,0,0,1,0
A_1811,94607,F,67,3,42,3,21,0.1,0,0,0,0,1,0
A_324,92717,F,65,3,40,3,21,0.1,0,0,0,0,1,0
A_347,94553,M,65,1,39,2,21,0.4,0,0,0,0,0,0
A_1860,95422,M,64,2,38,1,21,0.8,76,0,0,0,1,0
A_1747,95818,M,59,1,35,2,21,1,120,0,0,1,0,0
A_169,92028,F,59,2,34,3,21,1.3,0,0,0,1,1,0
A_28,92037,M,57,2,32,4,21,0.9,113,1,0,0,0,0
A_105,94542,M,56,2,30,2,21,0.7,0,0,0,1,0,0
A_1381,95351,F,54,2,30,1,21,0.1,76,0,0,1,0,0
A_87,92028,F,55,3,29,4,21,0.7,0,0,0,0,0,0
A_1543,95841,F,54,3,29,4,21,0.1,0,0,0,0,0,0
A_67,94035,M,52,1,28,2,21,0.4,0,1,0,1,0,0
A_1015,90274,F,50,3,25,2,21,0.7,129,0,0,0,0,0
A_336,95014,F,51,2,24,2,21,1,0,0,0,1,0,0
A_149,95037,M,43,2,18,2,21,1.4,0,0,0,1,1,0
A_1327,90840,M,44,1,18,1,21,0.2,0,0,0,1,0,0
A_1578,92024,M,41,2,16,2,21,0.1,0,0,0,0,0,0
A_754,90034,M,40,3,15,2,21,0,0,0,0,1,0,0
A_1588,95678,F,42,2,15,3,21,1,0,0,0,1,0,0
A_1884,94303,F,39,3,14,1,21,0.6,101,0,0,0,0,0
A_558,95814,M,35,2,11,2,21,1,0,0,0,0,0,0
A_1306,94604,F,37,2,11,3,21,0.2,0,0,0,1,0,0
A_1586,92084,M,36,2,10,3,21,0.1,0,0,0,0,0,0
A_1596,92008,F,36,2,10,3,21,0.1,0,0,0,0,1,0
A_1845,95060,F,38,3,8,1,21,0.67,0,0,0,1,0,0
A_1303,90095,M,33,3,7,1,21,0.6,0,1,0,0,0,0
A_19,90601,M,29,3,5,3,21,0.9,119,0,0,0,0,0
A_227,90717,F,29,2,5,4,21,0.4,89,0,0,0,1,0
A_246,92697,M,64,3,38,2,22,0.2,0,1,0,0,0,0
A_1349,92660,M,60,1,35,1,22,1.3,80,0,0,0,0,0
A_1388,95616,F,57,2,32,3,22,0.1,0,0,0,1,0,0
A_1614,95060,M,54,1,30,2,22,0.4,89,0,0,1,0,0
A_830,91711,F,52,1,28,2,22,0.4,0,0,0,1,1,0
A_388,92037,F,50,2,26,4,22,0.5,112,0,0,1,0,0
A_1185,92831,M,53,2,26,1,22,0.5,100,0,0,1,0,0
A_433,90058,M,49,1,25,4,22,0.2,83,0,0,1,0,0
A_764,94901,F,47,1,23,4,22,0.6,0,0,0,1,1,0
A_1261,92037,M,47,1,21,1,22,0.2,104,0,0,0,0,0
A_147,90024,F,44,1,20,1,22,1,91,0,0,0,0,0
A_1808,90230,M,45,1,20,1,22,0.1,0,0,0,0,0,0
A_403,90639,F,45,1,19,1,22,0.2,0,0,0,1,0,0
A_845,91311,F,43,2,18,2,22,0.3,0,0,0,0,0,0
A_1603,94546,M,44,2,17,3,22,1,126,0,0,1,1,0
A_100,94035,F,39,2,14,2,22,0.3,0,0,0,1,0,0
A_662,94566,M,40,3,14,2,22,1.4,0,0,0,0,0,0
A_1179,90035,F,37,2,11,3,22,0.1,114,0,0,0,0,0
A_1235,93711,F,37,2,11,3,22,0.1,0,0,0,1,1,0
A_1717,94085,M,35,2,9,3,22,0.1,0,0,1,1,1,0
A_1223,94583,M,32,2,8,4,22,0.7,0,0,0,1,1,0
A_1409,94061,M,32,1,6,4,22,0.3,0,0,0,0,0,0
A_920,91401,M,31,3,5,1,22,0.6,0,0,0,0,0,0
A_480,95670,F,28,2,2,1,22,0.1,0,0,0,1,0,0
A_868,91768,F,64,1,39,3,23,0.5,0,1,0,0,0,0
A_1932,94720,M,61,2,37,3,23,0.4,0,0,0,0,0,0
A_1566,94720,M,61,3,35,3,23,0.3,0,0,0,1,0,0
A_798,94803,F,60,2,34,1,23,0.8,112,0,0,1,0,0
A_856,91768,F,58,1,33,3,23,0.2,0,0,0,0,0,0
A_1345,94002,M,59,3,33,2,23,0.2,0,0,0,1,0,0
A_1777,93407,M,57,3,32,1,23,0.3,0,0,0,1,1,0
A_419,94122,M,55,1,31,2,23,0.2,0,0,0,1,0,0
A_1559,95616,F,55,1,31,2,23,0.3,0,0,0,1,1,0
A_934,93955,F,54,2,29,1,23,1.5,0,0,0,0,0,0
A_942,95828,M,52,1,28,3,23,0.4,0,0,0,1,0,0
A_1059,92780,M,52,3,27,1,23,0.4,0,0,0,0,0,0
A_1352,92630,M,50,1,26,1,23,0.3,0,0,0,0,0,0
A_320,93106,F,55,3,25,4,23,0.4,88,0,0,0,0,0
A_716,95616,F,51,2,24,1,23,0.5,0,0,0,1,0,0
A_882,94720,F,48,2,21,3,23,0.67,95,0,0,0,0,0
A_236,95053,M,42,3,17,2,23,0,0,0,0,0,0,0
A_314,94143,F,41,2,16,2,23,0.3,118,0,0,0,0,0
A_268,91116,F,38,3,13,4,23,0.2,0,0,0,1,0,0
A_1897,90024,F,39,2,12,3,23,1,0,0,0,1,1,0
A_1037,94553,M,36,3,11,4,23,0.2,0,0,0,1,0,0
A_1652,95670,M,35,1,9,4,23,0.3,0,0,0,0,0,0
A_1569,94110,M,31,1,5,3,23,1,95,0,0,0,0,0
A_1585,94122,F,30,2,4,4,23,0.3,121,0,0,0,0,0
A_1023,94117,M,64,2,39,4,24,0.6,0,0,0,0,0,0
A_1711,90717,F,62,3,37,1,24,0.3,0,1,0,1,0,0
A_1230,94501,F,57,2,33,1,24,0.1,0,0,0,0,0,0
A_1458,94550,F,56,2,30,2,24,0.7,0,0,0,1,0,0
A_1636,92647,F,54,2,30,1,24,0.1,0,0,0,0,0,0
A_61,94105,F,53,1,29,2,24,0.2,0,0,0,0,1,0
A_1004,95678,M,49,1,25,3,24,0.4,0,0,0,1,0,0
A_1791,95819,F,49,1,25,1,24,0.3,0,0,0,0,0,0
A_1724,92624,F,48,1,24,4,24,0.2,0,0,0,1,0,0
A_1793,91950,F,48,3,24,1,24,0.9,0,0,0,0,0,0
A_1908,93106,M,45,3,21,1,24,0.9,0,0,0,0,0,0
A_204,90025,F,46,2,19,3,24,0.67,0,0,0,1,0,0
A_24,92123,M,39,1,15,1,24,1,116,0,0,1,1,0
A_102,94611,M,39,2,14,2,24,0.3,0,0,0,1,0,0
A_133,96651,F,26,3,1,2,24,0.9,123,0,0,0,1,0
A_1867,94035,F,63,3,37,2,25,0.2,0,0,0,1,0,0
A_226,90740,F,62,3,36,3,25,0.3,0,0,0,1,1,0
A_733,95827,F,59,1,35,2,25,0.3,75,0,0,1,0,0
A_945,90059,F,58,1,34,2,25,0.3,123,0,0,1,0,0
A_1061,94132,F,60,3,34,4,25,0.7,0,0,0,1,0,0
A_593,92064,M,57,1,33,2,25,1,0,0,0,1,0,0
A_523,90049,F,57,3,32,2,25,0.2,0,0,0,1,1,0
A_231,94720,F,55,1,31,2,25,0.2,0,0,0,0,0,0
A_233,92008,M,53,1,29,2,25,0.4,0,0,0,1,0,0
A_1927,90747,M,54,3,29,4,25,0.1,109,0,0,0,0,0
A_1263,92123,F,53,2,26,2,25,1,0,0,1,1,1,0
A_1629,95192,M,49,1,25,4,25,1,0,0,0,1,1,0
A_705,90505,F,54,3,24,4,25,0.4,115,0,0,0,0,0
A_1419,90016,M,54,3,24,4,25,0.4,0,0,0,0,1,0
A_535,90274,F,49,3,23,1,25,1.4,0,0,0,1,0,0
A_925,93106,M,47,3,23,1,25,0.9,0,0,0,1,0,0
A_300,90404,M,47,1,22,1,25,0.1,148,0,0,1,0,0
A_64,93401,F,46,3,20,4,25,0.6,125,0,0,0,0,0
A_209,91320,F,50,3,20,4,25,0.4,0,0,0,1,0,0
A_673,94609,M,45,3,19,2,25,0.1,102,0,0,1,0,0
A_875,95064,F,44,2,17,3,25,1,0,0,0,0,1,0
A_994,92182,F,41,2,16,2,25,0.1,91,1,0,0,0,0
A_1044,94126,M,43,2,16,3,25,1,0,0,0,1,0,0
A_402,93023,M,39,3,15,1,25,1.4,0,0,0,0,0,0
A_150,95135,M,38,2,14,4,25,0.4,101,0,0,1,0,0
A_11,90304,F,39,3,13,4,25,1.5,0,0,0,1,0,0
A_195,95370,M,39,2,13,3,25,0.2,0,0,0,1,0,0
A_1787,92038,F,34,1,10,4,25,1,0,0,0,1,0,0
A_646,93524,M,32,3,8,3,25,0.9,0,0,0,1,1,0
A_308,92123,M,30,2,4,2,25,0.3,0,0,0,0,0,0
A_1682,92173,M,30,1,4,2,25,0.3,0,1,0,1,0,0
A_1700,93302,M,61,3,35,2,28,0.2,135,0,0,1,0,0
A_1278,94720,F,58,3,33,1,28,0.3,0,0,0,1,0,0
A_1942,94608,M,58,2,33,2,28,0.5,146,1,0,1,0,0
A_1568,94720,M,56,1,31,1,28,1.3,138,0,0,0,1,0
A_1245,92093,F,54,2,29,4,28,0.2,101,0,0,1,0,0
A_1783,94539,F,55,2,29,2,28,0.7,82,0,0,1,1,0
A_208,95405,F,52,3,26,1,28,0.3,0,0,0,1,0,0
A_1280,93907,M,52,2,26,2,28,0.7,90,0,0,1,1,0
A_743,92868,M,47,1,21,3,28,1.5,0,0,0,1,0,0
A_1935,93010,M,43,1,19,3,28,0.5,0,0,0,1,1,0
A_898,95616,M,41,1,17,1,28,0.7,0,0,0,0,1,0
A_615,95039,F,45,3,15,1,28,0.75,0,1,0,0,0,0
A_1881,95818,F,39,3,15,1,28,1.4,118,0,0,1,1,0
A_279,95821,F,38,2,14,4,28,0.4,100,0,0,1,0,0
A_1124,94061,F,40,3,14,2,28,0.8,0,0,0,0,0,0
A_1909,91320,F,39,2,14,2,28,1.4,108,0,0,0,1,0
A_1782,94501,F,37,3,11,2,28,0.8,0,0,0,0,0,0
A_1972,94546,M,35,3,9,1,28,0.6,0,0,0,0,1,0
A_930,90034,F,32,3,7,4,28,1.1,0,0,0,0,0,0
A_1642,94109,F,33,1,7,4,28,0.8,0,0,0,1,0,0
A_137,94538,M,31,1,5,3,28,1,0,0,0,1,0,0
A_253,92037,M,31,1,5,4,28,0.8,0,0,0,0,0,0
A_1211,96651,F,29,3,5,1,28,0.2,0,0,0,1,0,0
A_932,94596,M,25,3,1,1,28,1,0,0,0,1,0,0
A_1170,90245,F,64,2,38,3,29,0.7,0,0,0,1,0,0
A_918,91030,F,62,3,37,1,29,0.3,0,0,0,0,1,0
A_422,90210,M,61,2,36,2,29,0.5,0,0,0,1,0,0
A_1068,93065,M,61,1,36,1,29,1.3,0,0,0,0,0,0
A_2000,92126,F,60,2,35,3,29,1.3,0,0,0,0,0,0
A_1763,92152,F,56,2,30,4,29,0.7,87,0,0,1,0,0
A_374,94303,F,51,1,25,4,29,0.1,0,0,0,1,1,0
A_680,90095,F,50,1,25,2,29,1.3,0,0,0,0,0,0
A_1511,90212,M,51,3,25,1,29,1.4,102,0,0,0,1,0
A_1001,94551,F,49,1,23,4,29,1.8,0,0,0,1,1,0
A_99,90005,F,45,3,21,1,29,0.3,0,0,0,1,0,0
A_1703,95126,F,43,3,18,1,29,0.5,0,0,0,1,0,0
A_530,94024,M,41,3,15,2,29,0.8,98,0,0,0,0,0
A_704,92084,M,38,3,12,2,29,1.4,0,0,0,1,0,0
A_789,94583,M,36,1,12,1,29,1.33,81,0,0,1,0,0
A_1774,93611,M,42,3,12,3,29,2,0,0,0,0,0,0
A_515,93065,M,36,1,10,4,29,1,0,0,0,1,1,0
A_1677,93555,M,34,2,10,1,29,1.5,0,0,0,1,0,0
A_568,94701,M,39,3,9,3,29,2,151,1,0,0,0,0
A_470,92807,F,32,3,8,1,29,0.2,76,0,0,1,1,0
A_663,90025,F,34,3,8,2,29,2,0,0,0,1,1,0
A_767,92121,M,30,3,6,1,29,0.2,90,0,0,1,0,0
A_190,95405,M,31,2,5,2,29,0.3,131,0,0,1,1,0
A_98,94720,F,29,1,3,3,29,1,0,0,0,1,1,0
A_224,91105,M,28,1,3,4,29,0.8,135,0,0,1,0,0
A_335,94304,F,65,2,39,3,30,0.7,0,0,0,1,1,0
A_632,94304,M,62,3,38,3,30,0.1,128,0,0,1,0,0
A_1056,93711,M,60,1,36,4,30,1.3,118,0,0,1,1,0
A_14,92084,M,59,1,34,1,30,1.3,0,0,0,1,1,0
A_425,93106,M,57,1,33,3,30,1.5,151,1,0,1,0,0
A_1276,94024,F,57,2,32,2,30,2,0,0,0,0,0,0
A_595,95070,F,57,1,31,3,30,1.4,0,0,0,0,0,0
A_956,95616,M,54,2,28,4,30,0.7,0,0,0,1,0,0
A_649,94305,M,52,2,27,2,30,0.7,0,0,0,1,1,0
A_919,91116,M,51,2,25,3,30,0.6,144,0,0,0,1,0
A_1582,90095,F,49,2,25,4,30,0.9,0,0,0,0,1,0
A_1204,90212,M,49,2,24,4,30,0.4,157,0,1,1,1,0
A_311,94118,F,47,2,22,4,30,0.4,115,0,0,1,1,0
A_471,90747,M,46,1,22,3,30,0.5,0,0,0,0,0,0
A_964,92697,F,46,3,21,1,30,1.4,112,1,0,0,0,0
A_1268,96003,F,45,1,20,1,30,0.1,0,0,0,1,0,0
A_1590,95020,M,44,1,20,4,30,0.3,0,0,0,0,1,0
A_409,94501,M,44,3,19,1,30,0.6,0,0,0,1,0,0
A_440,95616,F,44,2,19,4,30,0,0,0,0,1,0,0
A_1425,94305,M,45,2,19,3,30,0.5,0,0,0,1,1,0
A_1922,93940,M,43,3,18,1,30,0.5,0,0,0,1,0,0
A_546,95814,M,41,2,16,2,30,1.4,0,0,0,0,1,0
A_1814,94720,M,40,3,14,2,30,0.8,86,0,0,0,0,0
A_1227,91765,M,38,3,12,2,30,1.4,0,0,0,0,1,0
A_328,95032,M,35,1,10,3,30,1.3,0,1,1,1,1,0
A_760,94920,F,33,3,7,2,30,2,132,0,0,0,0,0
A_1302,90245,M,30,1,5,4,30,0.8,158,0,0,1,0,0
A_626,93108,F,27,3,3,1,30,1,80,0,0,0,0,0
A_1627,94024,F,26,3,0,4,30,1.3,0,0,0,1,1,0
A_488,92037,F,63,3,38,1,31,1.1,125,0,0,1,0,0
A_187,92374,M,61,2,37,3,31,0.4,0,0,0,0,1,0
A_215,95051,F,60,2,36,3,31,0.4,0,0,0,1,1,0
A_777,94063,M,59,2,35,3,31,0.4,0,0,0,1,1,0
A_893,91007,M,60,3,34,2,31,1,0,0,0,0,0,0
A_1202,92126,F,58,1,34,4,31,0.4,0,0,0,0,0,0
A_761,95039,M,57,2,32,3,31,1.3,0,0,0,1,1,0
A_1301,94143,M,57,2,32,3,31,0.1,0,0,0,1,0,0
A_1010,90024,F,56,3,30,4,31,1.5,0,0,0,1,0,0
A_1160,95060,F,60,3,30,1,31,1.5,0,0,0,1,0,0
A_400,92130,F,54,3,28,2,31,0.4,0,0,0,0,0,0
A_1445,91605,F,53,3,27,2,31,0.4,104,0,0,0,1,0
A_1348,94923,M,52,1,26,4,31,1.8,0,0,0,1,1,0
A_1723,92054,F,52,3,26,4,31,1.5,0,0,0,1,0,0
A_1515,95054,F,50,3,24,1,31,0.3,0,0,0,0,0,0
A_842,94720,F,40,3,15,1,31,0.6,0,0,0,1,0,0
A_1554,95039,F,39,3,15,1,31,1.4,88,0,0,1,1,0
A_691,92717,M,39,2,14,2,31,1.4,94,0,0,1,1,0
A_40,95605,F,35,1,10,3,31,1.3,0,0,0,0,0,0
A_1265,92521,F,34,3,9,4,31,1.1,85,1,1,1,1,0
A_465,94920,F,31,2,7,4,31,0.4,79,0,0,0,0,0
A_1620,94303,F,33,1,7,4,31,1,0,0,0,1,1,0
A_1669,92675,M,32,1,6,1,31,0.3,0,0,0,0,0,0
A_1933,94709,M,29,2,3,4,31,0.3,0,0,0,1,0,0
A_104,90024,F,28,2,2,2,31,0.3,0,1,0,1,0,0
A_1974,91330,M,29,2,2,4,31,1.5,0,0,0,0,0,0
A_177,90065,F,64,2,38,3,32,0.7,0,0,0,1,1,0
A_1910,90291,F,64,1,38,2,32,0.3,0,0,0,1,1,0
A_512,90266,M,62,1,37,3,32,0.2,0,1,0,0,1,0
A_976,93117,M,63,2,37,3,32,0.7,141,0,0,0,0,0
A_944,92407,M,60,2,36,3,32,0.4,165,0,0,1,0,0
A_896,93611,F,60,3,35,1,32,0.3,80,0,0,1,0,0
A_172,93014,M,58,1,32,3,32,1.4,0,0,0,1,0,0
A_543,94080,F,56,3,30,2,32,0.4,0,0,0,1,0,0
A_519,91605,M,51,3,25,2,32,0.4,0,0,0,1,0,0
A_223,94701,F,50,1,24,4,32,1.8,109,0,0,1,0,0
A_1081,90277,M,50,3,24,1,32,1.4,167,0,0,0,0,0
A_1200,93302,M,48,1,23,1,32,0.1,0,0,0,0,1,0
A_1231,92251,F,47,1,23,4,32,0.6,156,0,0,1,1,0
A_1912,95370,F,47,1,23,1,32,1,0,0,0,0,1,0
A_435,90401,F,43,2,17,3,32,0.5,0,0,0,1,0,0
A_1315,94112,M,42,1,16,3,32,1.5,149,0,0,1,0,0
A_661,94143,M,45,3,15,1,32,0.75,105,0,0,1,0,0
A_1767,90747,M,39,3,13,2,32,0.8,0,0,0,1,0,0
A_458,94612,F,37,3,11,2,32,1.4,0,1,0,1,0,0
A_1693,90212,F,39,3,9,3,32,2,116,0,0,1,0,0
A_1810,95054,F,34,3,9,4,32,1.1,0,0,0,1,0,0
A_1192,91320,M,31,1,7,1,32,1.7,0,0,0,1,0,0
A_757,91330,M,30,2,6,2,32,1,0,0,0,0,0,0
A_790,92806,M,32,1,6,2,32,0.3,0,0,0,0,0,0
A_940,92123,M,31,2,5,2,32,0.3,130,0,0,1,0,0
A_258,94710,M,27,2,3,3,32,1,0,0,0,0,0,0
A_1694,91775,M,61,3,37,3,33,0.1,0,0,0,1,0,0
A_124,91355,M,59,1,35,4,33,0.4,131,0,0,0,1,0
A_500,94303,M,59,1,34,3,33,0.2,0,1,0,0,0,0
A_1052,93907,M,62,3,32,1,33,1.5,140,0,0,1,1,0
A_1284,95014,F,56,1,32,3,33,1.5,0,0,0,0,0,0
A_163,92660,M,55,3,29,2,33,0.4,0,0,0,0,0,0
A_1369,94591,F,53,2,29,3,33,1.9,144,0,0,0,0,0
A_725,94111,F,54,2,28,2,33,0.7,0,0,0,0,1,0
A_1973,94710,M,54,3,28,2,33,0.4,0,0,0,1,0,0
A_675,92037,M,51,1,27,4,33,0.2,83,0,0,1,0,0
A_1851,95351,F,44,2,18,3,33,0.5,0,0,0,0,0,0
A_92,94550,F,41,1,17,1,33,0.7,104,0,0,0,0,0
A_240,94309,M,41,2,16,4,33,0,0,0,0,1,0,0
A_1699,92346,M,39,2,15,1,33,2,0,0,0,0,0,0
A_1115,95616,F,40,3,14,2,33,0.8,89,0,0,1,0,0
A_1722,92096,M,38,2,14,1,33,2,0,0,0,1,0,0
A_86,90266,F,35,1,10,4,33,1.7,87,0,0,1,0,0
A_689,94080,F,36,1,10,3,33,0.9,0,0,0,0,0,0
A_1821,91125,M,35,1,9,2,33,0.3,0,1,0,1,0,0
A_1520,95814,F,28,1,2,3,33,1,167,0,0,1,0,0
A_677,94102,M,60,3,35,1,34,0.3,0,0,0,1,0,0
A_379,94115,F,59,1,33,1,34,0.2,0,0,0,1,0,0
A_1397,94305,M,55,1,31,3,34,1.5,101,0,0,1,0,0
A_18,95820,F,55,3,30,4,34,0.1,157,0,0,1,0,0
A_1168,94542,F,56,2,30,2,34,0.7,0,0,0,1,0,0
A_540,92093,M,54,3,29,4,34,0.1,0,0,0,1,1,0
A_257,93117,F,52,2,27,2,34,0.7,114,0,0,1,1,0
A_1961,93023,M,52,3,26,1,34,0.3,0,0,0,1,0,0
A_1232,95819,F,51,3,25,3,34,0.9,111,0,0,1,0,0
A_759,91711,F,47,1,23,4,34,0.6,0,0,1,1,1,0
A_1048,92373,M,46,1,21,2,34,1.3,0,0,0,1,0,0
A_837,95005,F,44,2,19,4,34,0,0,0,0,0,0,0
A_1196,92182,F,41,2,17,1,34,2,0,0,0,0,0,0
A_34,91302,M,42,2,15,3,34,1,0,1,0,1,0,0
A_1191,94939,M,39,1,14,4,34,1.7,0,0,0,1,1,0
A_1886,92177,F,42,3,12,3,34,2,0,0,0,0,1,0
A_140,95747,F,37,1,11,3,34,0.9,0,0,0,1,0,0
A_266,93117,M,35,2,11,1,34,1.5,0,0,0,0,0,0
A_444,95060,M,34,2,10,1,34,1.5,111,0,0,0,1,0
A_653,93407,M,34,1,10,1,34,1.7,164,0,0,0,0,0
A_1899,95503,F,35,1,10,4,34,1.7,87,0,0,1,1,0
A_907,92675,M,29,2,5,4,34,0.4,0,0,0,1,0,0
A_995,94558,F,31,3,5,1,34,1.9,156,0,0,1,0,0
A_1573,90717,F,29,2,5,4,34,0.4,0,0,0,0,1,0
A_1269,90065,M,27,3,3,1,34,0.2,0,0,0,1,1,0
A_1377,92161,F,28,3,2,4,34,1.3,0,0,0,0,0,0
A_1672,94005,F,65,3,39,1,35,0.5,0,0,0,0,0,0
A_1238,94501,M,62,3,36,2,35,0.7,0,1,0,0,1,0
A_290,90025,M,60,1,34,1,35,0.2,0,0,0,1,0,0
A_408,94122,M,58,3,34,1,35,1.2,0,0,0,1,0,0
A_306,91105,F,59,1,33,1,35,0.2,171,0,0,0,0,0
A_1733,94025,F,55,2,30,1,35,1.5,118,0,0,0,1,0
A_1675,90007,M,55,1,29,3,35,1.4,0,0,0,0,0,0
A_1288,94583,M,53,3,27,3,35,0.9,136,0,0,1,0,0
A_1274,94550,M,52,1,26,4,35,1.8,0,0,0,1,0,0
A_1654,94701,M,49,2,24,4,35,0.2,0,0,0,0,1,0
A_174,94025,F,48,2,23,4,35,0.4,118,0,0,0,0,0
A_1353,93943,F,48,1,23,1,35,0.1,0,1,0,1,0,0
A_1805,93302,F,48,1,23,2,35,1.3,0,0,0,0,0,0
A_718,92709,F,48,3,22,1,35,1.4,0,0,0,1,0,0
A_812,94022,M,40,3,16,1,35,1.4,0,0,0,1,1,0
A_1875,94061,M,41,2,16,2,35,1.4,135,0,0,0,0,0
A_714,95812,F,36,2,12,4,35,0.4,0,0,0,1,0,0
A_804,93107,M,41,3,11,1,35,0.75,114,0,0,1,0,0
A_1161,94609,F,37,3,11,2,35,0.8,0,0,0,0,0,0
A_88,94608,F,36,1,10,2,35,0.3,98,0,0,1,0,0
A_1084,92521,F,37,2,10,4,35,1,0,0,0,0,0,0
A_1653,94309,F,34,1,10,1,35,1.7,0,0,0,1,0,0
A_549,90059,M,30,1,4,4,35,0.8,0,0,0,1,1,0
A_1508,92624,F,63,3,39,3,38,0.1,178,0,0,1,1,0
A_921,94305,F,64,1,38,2,38,0.3,186,0,0,1,1,0
A_218,91129,M,61,3,36,3,38,0.9,82,0,0,1,1,0
A_924,94701,F,60,2,35,3,38,0.5,0,0,0,1,1,0
A_1478,93106,F,61,1,35,2,38,0.3,0,0,0,0,0,0
A_1903,93009,F,61,3,35,2,38,1,0,0,0,0,0,0
A_1685,92407,M,59,1,33,1,38,1.4,0,0,0,1,1,0
A_1440,90035,M,55,3,29,4,38,1.5,0,0,0,0,1,0
A_472,94302,M,52,1,28,2,38,0.8,0,0,0,0,1,0
A_641,94131,M,52,2,28,4,38,0.9,95,0,0,1,1,0
A_1705,95064,F,52,2,28,4,38,0.9,0,0,0,0,1,0
A_1771,94998,F,53,2,28,1,38,1.3,0,0,0,1,0,0
A_979,94105,F,53,2,27,4,38,2.8,144,1,0,1,0,0
A_75,94305,F,56,3,26,3,38,1,110,1,0,1,0,0
A_1225,95616,F,50,2,25,1,38,1.3,120,0,0,0,1,0
A_1951,95503,F,50,3,25,1,38,1.4,0,0,0,1,0,0
A_476,94305,M,49,3,24,1,38,1.4,0,0,0,0,0,0
A_1623,91105,M,50,1,24,4,38,0.1,0,0,0,1,0,0
A_1514,90024,F,46,1,21,1,38,2.4,130,0,0,1,0,0
A_1996,93943,M,45,2,21,3,38,0.6,148,0,0,1,0,0
A_601,92182,F,41,2,17,4,38,2.2,180,0,0,0,1,0
A_729,95814,F,41,2,14,3,38,1,150,0,0,1,0,0
A_1925,94701,F,37,2,13,1,38,1.5,116,0,0,0,1,0
A_430,94109,M,36,2,12,1,38,1.5,0,0,0,0,0,0
A_1335,91706,M,35,2,11,1,38,1.5,136,0,0,1,0,0
A_1212,93106,M,33,3,9,1,38,2.1,133,0,0,0,0,0
A_1970,95814,F,33,1,9,1,38,1.33,115,0,0,0,0,0
A_531,90018,F,34,1,8,4,38,0.2,0,0,0,0,0,0
A_563,94025,F,31,3,7,1,38,0.2,0,0,0,1,0,0
A_1452,92182,M,31,2,7,1,38,1.8,182,0,1,1,1,0
A_418,90245,M,30,3,4,1,38,1.9,0,0,0,1,0,0
A_621,92109,F,28,1,4,4,38,1.6,0,0,0,0,0,0
A_1626,91910,F,26,2,1,4,38,1.7,0,0,0,1,0,0
A_645,95929,M,27,3,0,4,38,1,154,0,0,1,0,0
A_986,94590,F,66,2,42,1,39,1.9,0,0,0,1,1,0
A_166,96003,M,62,1,38,4,39,2.2,0,1,0,1,0,0
A_15,92096,M,61,1,37,4,39,0.4,0,0,0,1,1,0
A_1375,94501,M,60,2,36,4,39,1.3,140,0,0,1,0,0
A_713,92028,F,59,3,35,1,39,1.8,0,0,0,1,0,0
A_1310,95616,F,59,1,35,4,39,1.3,0,0,0,1,0,0
A_1715,91711,M,60,3,35,2,39,1.6,0,0,0,1,0,0
A_1499,94132,F,58,3,33,2,39,2.3,0,0,0,1,0,0
A_953,92182,M,57,1,32,4,39,0.9,147,0,0,0,0,0
A_1746,92821,M,57,3,31,1,39,2.2,0,0,0,1,1,0
A_1917,94304,F,57,2,31,4,39,0.7,0,1,0,1,0,0
A_936,95211,F,54,1,30,2,39,0.8,0,0,0,0,1,0
A_916,92626,M,53,1,29,3,39,1.5,0,0,0,1,0,0
A_424,90095,M,52,2,28,3,39,1.9,83,0,1,1,1,0
A_1102,90245,F,54,2,28,4,39,0.7,0,0,0,1,0,0
A_1368,94542,F,55,2,28,3,39,1,0,0,0,1,1,0
A_1190,94304,F,51,1,27,2,39,0.8,0,0,0,0,0,0
A_423,95521,M,49,1,23,4,39,2.6,0,0,0,0,0,0
A_775,92101,F,53,3,23,3,39,1,87,0,0,1,0,0
A_1880,94065,M,48,2,22,1,39,1.2,0,0,0,0,0,0
A_491,92507,F,46,2,21,4,39,0,0,0,0,1,0,0
A_1042,92521,M,45,3,21,2,39,2.1,184,0,0,0,1,0
A_1834,92703,M,42,3,18,1,39,0.3,0,0,0,1,0,0
A_801,91380,F,41,3,15,3,39,0.5,0,0,0,0,0,0
A_30,93117,M,40,1,14,1,39,2,0,0,0,1,0,0
A_1965,92103,M,39,3,13,2,39,0.8,0,0,0,0,0,0
A_1076,95032,M,33,1,8,3,39,2.3,0,0,0,0,0,0
A_1518,92124,F,34,1,8,4,39,0.2,115,0,0,1,0,0
A_1467,92037,M,33,3,7,2,39,2,0,0,0,0,0,0
A_1180,94590,F,31,2,5,4,39,2.2,0,0,0,1,1,0
A_809,94022,M,30,1,4,1,39,1.5,0,0,0,1,0,0
A_1993,94501,F,31,2,4,2,39,1,0,0,0,0,0,0
A_552,95831,M,29,1,3,4,39,0.2,137,0,0,1,1,0
A_1920,95133,F,26,2,1,4,39,0.6,0,0,0,0,1,0
A_1025,94720,M,25,2,-1,3,39,2.4,0,0,0,1,0,0
A_183,94542,F,65,3,41,3,40,0.1,0,0,0,1,0,0
A_608,94104,F,65,3,40,1,40,1.1,0,0,0,0,0,0
A_1360,96064,F,64,1,40,2,40,1.1,0,0,0,1,0,0
A_413,91311,F,63,2,39,4,40,1.2,0,0,0,1,0,0
A_900,91304,F,63,1,39,1,40,0.8,118,0,0,0,1,0
A_954,92122,M,64,3,38,2,40,1,0,0,0,0,0,0
A_46,95064,F,61,2,35,1,40,0.8,128,0,0,1,0,0
A_1838,94536,M,59,1,35,4,40,0.4,0,0,0,0,0,0
A_591,94105,F,60,1,34,1,40,1.6,0,0,0,1,0,0
A_1494,91311,M,60,3,34,1,40,2.5,166,0,0,1,0,0
A_1589,93940,M,60,3,34,3,40,2.2,0,1,0,1,0,0
A_1546,91320,F,63,3,33,4,40,1.67,0,0,0,1,0,0
A_625,94720,F,57,1,32,3,40,1.7,0,0,0,1,1,0
A_1898,91775,F,57,3,31,3,40,1.4,0,0,1,1,1,0
A_667,90024,F,54,3,30,2,40,1,0,0,0,0,0,0
A_1092,95138,M,50,2,26,4,40,1.1,131,0,0,0,0,0
A_1560,94063,F,48,2,22,3,40,2.2,87,0,0,1,0,0
A_967,92886,F,45,3,20,1,40,0.5,0,1,0,1,0,0
A_1387,91763,F,45,1,20,2,40,1.3,0,0,0,0,1,0
A_1396,92037,F,46,2,20,1,40,1.2,0,0,0,1,0,0
A_901,94949,M,43,2,19,3,40,0.6,0,0,0,1,0,0
A_1562,92122,F,39,3,13,3,40,0.9,129,0,0,1,0,0
A_225,90065,F,37,2,12,2,40,1.1,0,1,0,0,1,0
A_618,93611,F,36,2,11,2,40,1.1,166,1,0,0,0,0
A_1298,93943,F,35,1,9,3,40,0.9,0,0,0,1,1,0
A_1051,91768,F,34,3,8,2,40,2,89,0,0,0,0,0
A_1719,90095,M,30,1,4,1,40,0.3,0,0,0,1,0,0
A_559,94132,M,26,3,2,1,40,1,0,0,0,1,0,0
A_1236,91301,F,27,3,0,4,40,1,0,0,0,1,0,0
A_1085,94305,M,64,2,40,4,41,1.2,0,0,0,1,0,0
A_939,95060,M,62,3,37,3,41,0.9,0,0,0,1,1,0
A_490,96001,M,61,1,36,2,41,1.5,0,0,0,0,0,0
A_879,90245,M,62,3,36,2,41,1,154,1,0,1,0,0
A_17,94608,F,58,1,34,4,41,1.3,0,0,0,1,0,0
A_1281,91016,F,58,1,34,4,41,0.4,177,0,0,1,0,0
A_1383,95833,M,58,1,34,3,41,1.5,0,0,0,1,1,0
A_732,95819,F,58,1,32,3,41,1.4,0,0,0,1,0,0
A_1804,91401,M,57,1,31,1,41,1.4,0,1,0,1,0,0
A_37,94939,M,51,1,25,4,41,1.8,0,0,0,0,0,0
A_334,95403,F,52,2,25,3,41,1,0,0,0,1,0,0
A_1020,95521,F,49,1,23,4,41,0.1,153,0,0,1,0,0
A_1902,92677,F,48,3,23,1,41,1.4,0,0,0,0,1,0
A_702,95008,M,45,1,20,1,41,0.3,0,0,0,1,0,0
A_1283,92831,F,43,3,18,1,41,0.3,0,0,0,1,0,0
A_1667,94035,F,43,3,18,1,41,0.5,0,0,0,0,0,0
A_1055,90401,F,42,3,16,3,41,0.5,0,0,0,1,0,0
A_613,95035,M,39,2,15,1,41,2,176,0,0,1,0,0
A_922,90028,F,39,1,15,2,41,1.7,0,0,0,0,0,0
A_1844,94143,F,41,2,15,2,41,2.4,105,0,0,0,0,0
A_1794,90073,M,38,1,13,4,41,1.7,0,0,0,1,0,0
A_475,94720,F,35,2,11,1,41,2.4,0,0,0,0,0,0
A_870,95814,F,33,1,9,3,41,2,108,0,0,1,0,0
A_1736,94305,M,34,3,9,1,41,2.5,0,0,0,0,0,0
A_1994,90024,M,35,2,9,4,41,1.2,0,0,0,1,0,0
A_406,90095,F,30,2,6,1,41,2.4,0,0,0,1,0,0
A_854,92008,F,32,2,5,2,41,1,112,1,0,1,0,0
A_571,91360,M,31,2,4,1,41,2,0,1,0,1,0,0
A_969,92626,M,29,1,3,4,41,0.2,0,0,0,1,0,0
A_1443,94588,M,29,3,3,1,41,1.9,0,0,0,1,1,0
A_869,90033,M,27,3,1,1,41,1.9,0,0,0,0,1,0
A_1945,95616,F,65,2,41,1,42,1.9,0,0,0,0,0,0
A_222,95929,F,64,3,38,2,42,0.7,137,0,0,1,0,0
A_54,92106,F,62,1,37,3,42,1.5,0,0,0,1,0,0
A_766,94122,F,62,3,36,1,42,0.5,128,0,0,1,0,0
A_1405,91711,F,59,1,35,4,42,0.4,0,0,0,1,0,0
A_660,91380,F,58,3,33,2,42,1.6,0,0,0,1,0,0
A_143,95070,F,57,2,32,3,42,0.5,0,1,0,1,0,0
A_276,92831,F,57,3,32,2,42,2.1,0,0,0,1,0,0
A_1571,95020,F,58,3,32,3,42,1.4,158,0,0,0,1,0
A_719,95833,F,55,1,29,4,42,2.5,0,1,0,0,0,0
A_1916,92104,F,56,2,29,4,42,2.5,0,0,0,0,0,0
A_256,94080,M,50,2,26,4,42,1.1,151,0,0,1,0,0
A_329,90630,F,50,2,26,1,42,1.6,0,0,0,1,0,0
A_928,92103,F,51,3,26,2,42,0.6,0,0,0,1,1,0
A_1135,91784,F,50,3,26,2,42,1,78,1,0,1,0,0
A_1954,92121,F,49,2,24,2,42,0.7,0,0,0,1,0,0
A_1413,95820,M,47,2,22,3,42,2.7,0,0,0,1,0,0
A_1523,91754,F,47,2,22,3,42,2.7,0,0,0,1,1,0
A_1101,95126,F,45,2,18,3,42,2.5,0,0,0,0,0,0
A_1219,91330,M,43,3,18,1,42,0.3,0,0,0,1,0,0
A_1394,95929,F,42,1,18,2,42,1.7,0,0,0,1,0,0
A_1738,91910,F,41,2,17,4,42,2.2,185,1,0,1,0,0
A_651,93108,M,35,3,11,1,42,1.5,0,0,0,1,0,0
A_157,92173,M,34,2,10,1,42,1.5,131,0,0,0,0,0
A_1062,95010,F,33,3,9,1,42,2.1,0,0,0,1,0,0
A_1434,95822,M,31,2,7,1,42,2.4,0,0,0,1,1,0
A_1046,94305,M,30,1,5,1,42,1,184,0,0,0,0,0
A_438,95762,M,28,1,2,1,42,1.5,0,0,0,1,1,0
A_1780,92354,F,62,2,38,1,43,1.9,0,0,0,1,0,0
A_1139,91763,F,60,3,35,3,43,0.9,175,0,0,0,0,0
A_1455,91016,F,57,1,33,3,43,1.5,168,0,0,0,1,0
A_1159,92704,F,57,3,32,2,43,2.1,166,0,0,1,0,0
A_1372,92093,M,58,2,32,1,43,2.8,0,0,0,1,0,0
A_173,95616,M,57,1,31,1,43,0.2,0,0,0,0,0,0
A_1210,90401,F,56,1,30,2,43,0.3,0,1,0,0,0,0
A_1789,94611,F,52,2,27,4,43,0.2,0,0,0,1,0,0
A_1451,91380,M,52,2,25,3,43,1,165,0,1,1,1,0
A_1575,94109,F,49,2,25,1,43,1.6,0,0,0,1,1,0
A_378,95630,F,50,1,24,4,43,0.1,0,0,0,1,0,0
A_682,94709,F,49,3,24,4,43,1.9,0,0,0,1,0,0
A_708,90254,M,48,3,23,4,43,1.9,0,0,0,1,0,0
A_343,94588,M,48,2,22,1,43,1.2,112,0,0,1,0,0
A_1031,92120,M,46,3,22,2,43,2.1,0,1,1,1,1,0
A_270,92124,F,44,3,20,1,43,0.3,0,1,0,0,1,0
A_1439,94305,M,38,1,12,4,43,0.2,0,0,0,0,0,0
A_876,95014,F,34,1,10,1,43,1.7,142,0,0,0,1,0
A_1818,92037,F,35,2,9,4,43,1.2,0,1,0,1,0,0
A_985,96064,M,33,1,7,4,43,0.8,0,0,0,0,0,0
A_528,94803,F,28,2,4,1,43,1.8,0,0,0,1,1,0
A_1420,90245,M,27,2,3,3,43,0.1,163,0,0,1,0,0
A_319,95616,F,28,3,2,4,43,1.3,0,0,0,1,1,0
A_1007,95120,F,27,2,1,3,43,1.1,0,0,0,0,0,0
A_899,94550,M,63,3,37,2,44,1,0,0,0,1,0,0
A_97,91302,M,61,1,36,4,44,2.1,0,0,0,0,0,0
A_160,92093,M,62,3,36,2,44,1,0,0,0,0,0,0
A_1304,92867,M,62,1,36,2,44,0.3,0,0,0,0,0,0
A_1400,94720,F,60,3,35,2,44,1.6,170,0,0,1,0,0
A_1479,94143,F,60,1,34,1,44,0.2,0,0,0,0,1,0
A_1177,93407,F,57,2,32,3,44,0.5,0,0,0,1,0,0
A_1577,92182,M,58,3,32,3,44,2.2,0,0,0,0,0,0
A_349,94025,F,55,2,30,2,44,2,0,0,0,1,0,0
A_1272,95616,F,54,1,30,3,44,1.5,117,0,0,1,0,0
A_1435,95518,M,54,3,29,2,44,2.3,187,0,0,1,0,0
A_525,95051,M,52,2,28,4,44,0.9,107,0,0,1,0,0
A_1406,92152,F,53,3,28,2,44,0.6,0,0,0,1,1,0
A_1483,90747,F,52,2,28,3,44,1.9,0,0,0,0,1,0
A_49,94305,M,51,2,27,3,44,1.9,141,0,0,0,0,0
A_1769,94303,F,50,1,25,1,44,0.3,187,0,0,1,1,0
A_1270,95821,F,47,3,22,1,44,1.4,0,0,0,1,1,0
A_244,94596,M,45,2,21,3,44,0.6,0,0,0,1,0,0
A_1557,95112,M,46,1,21,1,44,0.3,110,1,0,1,0,0
A_499,94611,F,43,1,17,1,44,0.2,0,1,1,1,0,0
A_600,93106,F,41,3,17,1,44,0.3,0,0,0,1,0,0
A_1701,93407,F,40,1,16,1,44,1.8,0,1,0,1,0,0
A_951,91040,M,36,2,11,2,44,1.1,85,0,0,1,0,0
A_564,93907,F,36,2,9,4,44,1,101,1,0,1,0,0
A_604,92054,F,35,1,9,3,44,0.9,89,0,0,0,0,0
A_820,94112,M,33,1,9,1,44,1.2,0,0,0,0,0,0
A_943,92009,F,35,1,9,4,44,0.2,0,0,0,1,0,0
A_1241,95045,F,35,2,8,4,44,1,192,0,0,0,1,0
A_1389,94590,F,35,2,8,2,44,1.67,0,1,0,0,1,0
A_1975,91401,M,32,2,8,1,44,1.8,192,0,0,1,0,0
A_239,94720,F,31,1,6,4,44,0.8,0,0,0,0,0,0
A_267,94608,M,32,1,6,4,44,0.2,0,1,1,1,1,0
A_1009,95819,F,29,2,5,3,44,0.1,0,0,0,1,1,0
A_484,92704,M,30,3,4,1,44,1.9,143,0,0,0,0,0
A_1138,94304,M,30,1,4,1,44,1.5,109,0,0,0,0,0
A_1132,90089,M,24,1,0,4,44,1.6,180,0,0,1,0,0
A_1858,94536,M,25,2,0,4,44,0.6,0,0,0,0,1,0
A_1759,94901,M,26,2,-1,1,44,2,0,0,0,0,0,0
A_693,94610,F,61,1,37,1,45,0.8,0,0,0,0,0,0
A_1290,93943,M,58,2,34,4,45,1.3,201,0,0,0,0,0
A_7,94117,M,57,3,33,1,45,1.8,195,0,0,0,0,0
A_280,94080,M,57,1,33,3,45,1.5,181,1,1,1,1,0
A_29,94305,M,57,1,31,3,45,1.4,198,0,0,1,0,0
A_912,92182,M,54,2,30,4,45,0.9,0,0,0,0,1,0
A_309,95630,M,59,3,29,3,45,2,0,0,0,1,0,0
A_1000,90095,F,56,2,29,4,45,2.5,113,0,0,1,0,0
A_241,94720,M,52,2,27,2,45,2,121,0,0,0,1,0
A_561,95006,M,52,2,27,1,45,1.3,0,0,0,0,0,0
A_1311,90405,M,53,3,27,2,45,0.8,0,0,0,1,1,0
A_565,94105,F,50,2,24,3,45,0.6,117,0,0,1,0,0
A_849,94005,M,50,1,24,4,45,0.1,93,0,0,1,0,0
A_1839,91773,M,43,2,19,3,45,0.6,0,0,0,0,0,0
A_1904,94539,F,44,2,19,4,45,0,0,0,0,1,1,0
A_1537,95616,M,42,1,18,1,45,0.7,0,1,0,1,0,0
A_722,93437,M,41,1,17,1,45,1.8,172,1,0,1,0,0
A_852,93943,F,34,1,10,3,45,2.8,153,0,0,1,1,0
A_634,94558,F,32,2,8,1,45,2.4,0,0,0,0,0,0
A_1118,94025,M,28,3,4,1,45,1,0,0,0,1,0,0
A_1708,94305,F,27,2,2,2,45,1.7,0,0,0,0,1,0
A_1197,95422,F,23,2,-2,4,45,0.6,0,0,0,1,1,0
A_1710,94708,M,65,1,40,3,48,2.4,0,0,0,0,1,0
A_965,94025,F,61,1,36,3,48,1.5,0,0,0,0,1,0
A_1531,94538,F,60,1,35,3,48,1.5,0,0,0,1,0,0
A_171,94117,M,56,3,32,1,48,1.6,0,0,0,0,1,0
A_1525,91768,F,58,2,32,1,48,2.8,0,0,0,1,0,0
A_1584,91775,F,56,3,31,2,48,2.1,0,0,0,0,1,0
A_1220,92182,M,54,3,29,2,48,2.1,142,0,0,1,0,0
A_1305,95060,M,35,3,10,1,48,2.5,164,0,0,1,0,0
A_686,92831,M,33,2,7,4,48,2.2,207,0,0,0,0,0
A_1364,93943,M,28,3,2,4,48,2.1,0,0,0,1,1,0
A_1295,94019,F,26,3,1,3,48,2.6,169,0,0,0,0,0
A_1528,90275,M,63,1,39,1,49,0.8,103,0,0,1,0,0
A_1960,94591,F,64,1,39,2,49,1.5,0,1,0,1,0,0
A_1134,94965,F,60,1,36,4,49,2.2,204,1,0,1,0,0
A_1684,90095,F,61,2,35,4,49,1.7,185,0,0,0,0,0
A_35,93009,M,59,2,33,4,49,1.7,104,0,0,1,0,0
A_1087,94305,F,57,1,33,4,49,1.5,214,1,1,1,1,0
A_1498,94005,M,58,1,32,1,49,1.4,99,0,0,1,1,0
A_1096,92182,F,56,3,31,2,49,1.6,103,0,0,1,0,0
A_1226,92703,F,54,3,29,2,49,2.1,95,0,0,1,1,0
A_1718,94928,F,52,2,28,4,49,1.1,0,0,0,1,0,0
A_1402,90011,F,52,3,26,1,49,1.4,0,0,0,1,0,0
A_448,91801,M,54,3,24,1,49,1.4,0,0,0,1,0,0
A_360,94720,F,44,3,19,4,49,1.9,89,0,0,1,0,0
A_1976,91711,F,37,3,13,4,49,2,192,0,0,0,0,0
A_861,94928,M,33,2,9,1,49,2.4,0,0,0,1,0,0
A_973,94025,F,34,3,9,1,49,2.5,0,0,0,0,0,0
A_1812,94402,M,36,2,9,2,49,1.67,0,0,0,0,1,0
A_1240,94080,F,32,1,7,3,49,2.3,0,0,0,1,0,0
A_585,94114,M,31,3,5,4,49,1.8,0,0,0,1,1,0
A_1221,90266,F,29,1,3,1,49,1.5,0,0,0,0,0,0
A_443,94539,M,62,1,38,2,50,1.1,0,0,0,0,1,0
A_1237,93943,F,63,1,38,2,50,2.8,205,0,0,0,0,0
A_998,95125,F,61,2,37,4,50,1.3,0,0,0,0,1,0
A_1441,95741,M,60,3,36,1,50,1.8,0,0,0,1,0,0
A_66,94122,F,59,3,33,2,50,2.3,0,0,0,0,1,0
A_288,93010,F,55,1,31,4,50,1.5,0,0,0,1,0,0
A_1382,94022,M,56,2,30,4,50,2.8,0,1,0,1,0,0
A_1885,94061,M,55,3,30,2,50,2.1,0,0,0,1,0,0
A_1507,93305,F,53,3,29,4,50,0.1,152,0,0,1,0,0
A_383,90095,M,56,3,26,3,50,1.4,0,0,0,0,0,0
A_371,95126,F,42,2,18,4,50,2.2,0,0,0,0,0,0
A_860,92606,F,40,3,16,2,50,0.6,0,0,0,0,0,0
A_599,94923,F,39,3,13,3,50,0.5,0,0,0,0,0,0
A_960,91768,F,39,2,13,2,50,2.4,0,0,0,0,0,0
A_1593,91330,M,31,3,5,4,50,2.1,209,0,0,1,0,0
A_1006,95616,F,26,2,1,4,50,0.6,0,0,0,0,0,0
A_690,95006,M,58,2,33,2,51,1.9,0,0,0,0,0,0
A_492,93943,M,57,1,31,1,51,1.4,0,0,0,1,1,0
A_1552,92821,M,54,3,30,2,51,3.2,0,0,0,0,0,0
A_410,94080,M,56,2,29,3,51,1,0,0,0,1,0,0
A_679,91016,F,49,2,24,1,51,1.3,98,0,0,0,1,0
A_1080,92868,M,42,3,18,3,51,2.1,0,0,0,0,0,0
A_210,94402,F,41,3,17,2,51,0.6,0,0,0,0,1,0
A_1131,94025,F,43,3,17,1,51,0.7,0,0,0,0,0,0
A_1968,94117,F,40,2,15,2,51,1.1,131,0,0,1,0,0
A_656,91320,F,41,2,14,3,51,2.33,0,0,0,1,0,0
A_850,94040,F,33,3,7,4,51,2.1,0,0,0,0,1,0
A_750,92103,M,26,1,2,4,51,2.6,0,0,0,1,0,0
A_867,94720,M,28,3,2,4,51,1.8,0,0,0,0,1,0
A_1130,95060,F,64,1,40,2,52,1.1,226,0,0,0,0,0
A_863,90033,F,63,1,39,2,52,1.1,0,0,0,1,1,0
A_990,95616,F,62,2,38,4,52,1.3,0,0,0,1,1,0
A_391,94709,M,60,2,35,3,52,0.5,0,0,0,0,0,0
A_93,94305,F,60,2,34,4,52,1.7,0,1,0,1,0,0
A_1953,92173,F,59,1,34,4,52,0.7,0,1,0,0,0,0
A_467,94118,M,56,2,31,3,52,2,0,1,1,1,1,0
A_1643,94132,F,51,3,27,2,52,1,0,0,0,0,0,0
A_229,95814,M,46,3,22,2,52,2.1,221,0,0,0,0,0
A_27,94720,M,47,2,21,1,52,1.2,194,0,0,0,0,0
A_1454,95008,M,42,1,18,4,52,1.9,0,0,0,1,0,0
A_493,92691,F,40,3,15,3,52,0.8,113,0,0,1,0,0
A_650,95039,M,39,3,13,3,52,0.5,0,1,0,0,1,0
A_517,95616,M,35,2,8,2,52,1,0,0,0,0,1,0
A_327,95126,M,25,3,0,3,52,2.6,159,0,0,0,0,0
A_1034,93940,M,63,1,39,1,53,0.8,0,0,0,0,0,0
A_1277,94608,F,65,3,39,1,53,2.5,0,0,0,1,0,0
A_113,92121,F,62,2,38,1,53,0,0,0,0,0,0,0
A_864,92028,M,62,1,37,2,53,2.8,0,0,0,1,0,0
A_1437,92717,M,61,2,36,3,53,0.5,0,0,0,1,0,0
A_397,96001,F,62,3,32,4,53,1.67,142,0,0,0,0,0
A_724,92806,F,57,2,31,1,53,0.8,120,0,0,0,0,0
A_1914,95521,F,56,3,31,2,53,1.6,78,0,0,0,0,0
A_1294,94002,M,54,3,28,1,53,2.2,0,0,0,1,1,0
A_1847,92122,M,51,2,27,1,53,1.6,0,0,0,1,0,0
A_734,90025,F,46,1,22,2,53,1.7,109,0,0,0,0,0
A_1262,92691,M,47,1,22,1,53,0.3,213,0,0,0,0,0
A_1199,95929,M,47,2,21,1,53,1.5,0,0,0,1,0,0
A_1964,92104,M,45,2,18,3,53,2.5,112,0,0,0,0,0
A_1659,90245,M,43,1,17,2,53,0.7,130,1,0,1,0,0
A_555,94123,M,40,3,16,4,53,2,0,0,0,0,0,0
A_135,91355,M,35,1,11,3,53,2.8,0,0,0,0,0,0
A_101,92093,M,31,1,6,4,53,2.2,114,0,0,1,0,0
A_1946,94122,M,33,2,6,2,53,1,96,0,0,0,1,0
A_1983,95814,F,29,3,3,4,53,2.1,0,0,0,1,0,0
A_897,90095,F,25,3,0,2,53,1.6,0,0,0,1,1,0
A_1460,94305,F,25,2,-1,3,53,2.4,0,0,0,0,0,0
A_630,91320,M,62,1,38,1,54,0.8,0,1,0,0,1,0
A_1599,91320,M,61,3,36,3,54,0.9,179,0,0,1,0,0
A_1843,93003,M,58,2,34,4,54,1.3,0,0,0,1,0,0
A_793,94035,F,58,2,32,3,54,0.3,0,0,0,1,1,0
A_911,91380,F,56,1,31,4,54,2.1,0,0,0,1,0,0
A_576,95051,M,55,3,29,2,54,2.3,93,0,0,0,0,0
A_1879,94720,F,54,3,29,2,54,2.1,97,0,0,0,0,0
A_207,90049,F,52,2,26,2,54,1.5,0,0,0,0,1,0
A_394,95616,M,48,2,24,1,54,1.6,186,0,0,1,0,0
A_553,91107,F,46,3,20,1,54,0.7,154,0,0,1,1,0
A_1195,90089,M,42,1,18,1,54,1.8,0,0,0,1,0,0
A_1923,90639,M,44,1,18,1,54,2.8,202,0,0,0,0,0
A_457,94303,F,41,3,15,3,54,0.5,0,0,0,1,1,0
A_238,96003,F,40,1,14,2,54,0.7,0,0,0,0,0,0
A_1317,92037,F,39,2,14,2,54,1.1,159,0,0,0,1,0
A_1602,90095,M,38,3,14,2,54,0.6,218,0,0,0,0,0
A_1739,92251,M,33,1,8,3,54,2.3,0,0,0,0,1,0
A_301,96008,F,32,1,7,4,54,1.3,0,1,0,1,0,0
A_332,94596,F,32,3,6,4,54,1.8,167,0,0,0,0,0
A_731,92173,F,31,2,5,4,54,2.2,0,0,0,0,0,0
A_1391,93033,F,30,3,4,4,54,1.8,235,0,0,1,0,0
A_1411,91741,F,31,2,4,2,54,1,109,0,0,0,1,0
A_1333,94550,F,28,2,3,4,54,0.6,0,0,0,1,0,0
A_1820,94104,M,29,3,3,4,54,1.8,0,0,0,0,0,0
A_293,90033,F,61,3,36,3,55,0.9,0,0,0,1,1,0
A_906,94132,M,61,3,36,3,55,0.9,197,0,0,0,0,0
A_242,94526,M,65,3,35,4,55,1.67,89,0,0,1,1,0
A_469,90274,M,59,3,35,1,55,1.8,0,1,0,0,0,0
A_823,90032,M,58,1,34,1,55,0.8,168,0,0,1,1,0
A_420,92630,F,57,3,33,1,55,1.8,0,0,0,1,0,0
A_1067,94998,F,60,2,33,4,55,2.5,0,0,0,1,0,0
A_542,92521,F,57,1,31,3,55,2.5,219,0,1,1,1,0
A_372,94110,M,55,1,30,3,55,1.7,0,0,0,0,1,0
A_503,94720,M,55,1,29,1,55,0.2,151,0,0,1,0,0
A_1380,91320,M,52,3,28,2,55,3.2,151,0,0,0,0,0
A_1649,94608,F,52,2,28,1,55,1.6,227,0,0,0,0,0
A_1181,94305,M,50,2,26,1,55,1.6,0,0,0,1,0,0
A_1361,92103,M,49,3,25,4,55,0.1,0,0,0,1,0,0
A_1583,92129,F,52,3,22,3,55,1.4,0,0,0,1,0,0
A_12,94588,F,45,1,20,1,55,0.3,0,0,0,1,1,0
A_76,92606,M,45,3,20,4,55,1.9,164,1,0,0,0,0
A_640,93933,F,43,2,17,3,55,2.2,0,0,0,0,0,0
A_1587,92374,M,41,1,17,2,55,1.7,0,0,0,0,0,0
A_1430,95820,F,42,3,16,1,55,0.7,135,0,0,1,0,0
A_203,95821,F,39,3,15,1,55,1.5,0,0,0,1,0,0
A_1721,94305,M,41,1,15,1,55,2.8,0,0,0,0,0,0
A_120,90009,M,36,1,10,1,55,2,95,0,0,1,0,0
A_1678,92122,F,34,2,9,4,55,2,147,0,0,0,1,0
A_1386,92870,F,35,2,8,2,55,1.67,0,0,0,1,0,0
A_562,91301,M,32,2,7,4,55,2,0,0,0,1,0,0
A_1594,90024,M,29,2,4,4,55,2,0,1,0,1,0,0
A_68,95616,F,29,2,3,3,55,1.1,0,0,0,1,0,0
A_235,92647,M,28,2,3,4,55,1.7,0,0,0,1,1,0
A_464,92630,F,26,2,1,4,55,1.7,175,0,0,1,0,0
A_1098,92704,M,23,2,-3,3,55,2.4,145,0,0,1,0,0
A_1147,94112,F,63,2,39,1,58,0,0,0,0,1,0,0
A_1647,94720,M,62,2,38,4,58,1.2,228,0,0,0,1,0
A_1766,95020,M,62,2,36,1,58,2.8,0,0,0,0,1,0
A_678,91355,F,59,2,35,1,58,0,0,0,0,1,0,0
A_628,92007,M,54,3,30,2,58,3.2,0,0,0,0,0,0
A_1366,93940,M,50,2,25,1,58,1.3,0,0,0,1,0,0
A_1530,92131,F,50,2,25,1,58,1.3,0,0,0,1,0,0
A_70,95819,F,49,1,23,4,58,2.6,188,0,0,0,0,0
A_426,94720,M,53,3,23,4,58,2,0,0,0,1,1,0
A_699,93101,F,52,3,22,4,58,2,223,0,0,1,0,0
A_1704,94025,M,45,3,21,3,58,0.3,0,1,0,1,0,0
A_421,95307,F,43,1,19,2,58,3.2,0,0,0,1,0,0
A_5,95747,F,43,1,18,1,58,2.4,0,0,0,0,0,0
A_9,91709,M,38,3,14,4,58,2,153,1,0,0,0,0
A_584,90245,F,40,3,14,4,58,0.2,0,0,0,1,0,0
A_788,94590,M,39,2,13,2,58,2.4,0,0,0,1,0,0
A_1208,94555,M,39,1,13,3,58,2.1,247,0,0,1,0,0
A_609,91754,M,35,3,10,4,58,0.7,232,0,0,0,0,0
A_1915,92037,F,33,1,8,4,58,1.3,0,1,0,0,0,0
A_1982,95616,M,32,1,8,3,58,2,90,0,0,1,0,0
A_909,95616,M,33,2,7,4,58,2.2,0,0,0,1,1,0
A_1872,92612,F,32,1,7,1,58,1,0,0,0,1,0,0
A_1986,95827,F,27,2,1,4,58,1.8,154,0,1,1,1,0
A_892,93118,M,61,1,36,4,59,1.7,148,0,0,0,0,0
A_707,90840,F,61,2,35,4,59,1.7,0,0,0,1,1,0
A_1692,92697,F,61,2,35,1,59,2.8,0,0,0,0,0,0
A_299,94110,F,60,1,34,1,59,1.6,231,0,0,1,0,0
A_283,94542,F,58,1,32,1,59,1.6,0,0,0,1,0,0
A_358,95833,F,56,1,30,3,59,0.8,159,1,0,1,0,0
A_201,92867,F,54,3,29,2,59,2.3,152,0,0,1,0,0
A_1106,92038,F,53,3,27,2,59,0.8,0,0,0,1,0,0
A_1286,90740,M,53,3,27,2,59,0.8,0,0,0,1,0,0
A_826,92660,F,52,2,26,2,59,1.5,239,0,0,0,1,0
A_1119,95762,F,52,2,26,3,59,3,0,0,0,1,0,0
A_1247,90401,F,48,1,24,1,59,0,144,0,0,1,0,0
A_1781,90086,F,48,1,22,4,59,2.6,0,0,0,1,1,0
A_220,95008,F,45,1,20,1,59,2.4,0,1,1,1,0,0
A_832,93555,M,46,2,19,3,59,2.67,0,0,0,0,0,0
A_815,93907,F,37,2,13,1,59,3.6,0,0,0,0,0,0
A_1850,90033,F,39,3,13,3,59,0.9,199,1,0,1,0,0
A_727,95616,F,60,3,34,1,60,2.5,103,0,0,0,0,0
A_987,90048,M,59,1,34,4,60,2.1,234,0,0,1,1,0
A_1662,94304,M,58,2,33,2,60,1.9,94,1,0,1,0,0
A_787,92009,M,56,1,31,3,60,1.7,0,0,0,1,0,0
A_1083,90049,F,53,1,27,1,60,0.2,0,0,0,1,0,0
A_333,90401,F,51,1,25,4,60,2.6,97,0,0,1,0,0
A_933,94104,F,43,3,19,3,60,2.1,0,0,0,1,0,0
A_1690,94301,F,43,1,19,2,60,2.5,0,1,0,0,0,0
A_1341,92677,M,42,3,18,4,60,0.2,151,0,0,0,1,0
A_1449,95039,F,43,3,18,2,60,2.2,115,0,0,0,0,0
A_1090,94501,M,40,1,16,2,60,3.2,0,0,0,0,0,0
A_262,95825,M,37,1,11,2,60,2.8,181,0,0,0,1,0
A_237,90630,M,33,1,9,1,60,1.2,0,0,0,1,1,0
A_1913,94306,F,34,1,9,4,60,1.3,0,1,0,0,0,0
A_331,94015,M,34,2,8,4,60,2.2,0,0,0,0,1,0
A_1005,95816,F,32,1,8,1,60,1.2,0,0,0,1,1,0
A_36,94143,F,31,3,1,4,60,4,244,0,0,0,0,0
A_344,92103,F,61,1,36,2,61,2.8,0,0,0,0,0,0
A_230,95521,F,60,2,34,4,61,1.7,229,0,0,0,0,0
A_1258,92646,F,56,3,31,4,61,1.3,0,0,0,1,1,0
A_1854,91360,M,57,3,31,1,61,2.2,0,0,0,0,0,0
A_477,92093,M,54,3,30,1,61,1.8,0,0,0,1,0,0
A_1107,93106,F,56,1,30,3,61,2.5,193,0,0,1,0,0
A_1688,95032,M,53,2,29,4,61,1.6,0,0,0,1,0,0
A_1817,92008,M,59,3,29,3,61,2,0,0,0,1,0,0
A_984,91380,M,48,1,24,2,61,1.7,229,0,0,0,1,0
A_1611,94025,M,47,2,22,3,61,2.7,168,0,0,1,1,0
A_813,95812,M,45,1,21,3,61,0.7,0,1,1,1,1,0
A_287,90036,F,46,3,20,2,61,0.4,0,0,0,0,0,0
A_1607,94539,M,40,3,14,4,61,0.2,0,0,0,1,0,0
A_1745,94612,M,40,3,14,3,61,0.5,0,0,0,1,0,0
A_843,90095,M,39,2,13,2,61,2.4,90,0,0,1,0,0
A_1989,91330,M,38,3,12,3,61,0.9,0,0,0,0,0,0
A_1418,93943,M,33,2,9,3,61,2.6,0,0,0,1,0,0
A_858,95605,F,30,2,5,1,61,0.8,251,1,1,1,0,0
A_509,92152,M,30,2,3,4,61,2,0,0,0,1,0,0
A_1234,93943,M,26,1,1,4,61,2.2,119,0,0,0,0,0
A_1896,94111,F,61,2,37,1,62,0,244,0,0,1,0,0
A_249,94061,M,60,1,36,4,62,2.2,0,0,0,0,0,0
A_1639,92831,M,57,1,33,3,62,2.67,240,0,0,0,0,0
A_622,93943,F,55,1,31,4,62,1.5,0,0,0,1,0,0
A_1173,90089,M,55,1,29,1,62,0.2,0,0,0,1,0,0
A_1536,94301,M,54,2,29,4,62,3.8,149,0,0,1,0,0
A_1635,92626,F,55,2,29,3,62,0.3,0,0,0,1,0,0
A_427,94111,M,52,3,28,1,62,1.8,231,0,0,1,0,0
A_1761,95014,M,51,2,25,2,62,1.5,0,0,0,1,1,0
A_298,95818,F,45,3,20,2,62,2.2,0,0,0,1,0,0
A_1111,92521,F,47,2,20,1,62,2.67,0,0,0,1,0,0
A_1773,94939,M,44,1,20,2,62,2.5,0,1,0,1,0,0
A_749,94305,M,42,3,18,3,62,2.1,0,0,0,1,0,0
A_428,93955,M,39,1,15,4,62,2.4,86,0,0,0,0,0
A_1878,92028,F,40,2,14,2,62,2.4,0,0,0,1,1,0
A_1291,94065,F,36,2,12,4,62,0.1,145,0,0,0,0,0
A_1651,91910,M,39,2,12,3,62,2.33,0,0,0,0,0,0
A_407,93106,F,35,1,10,3,62,2.3,0,0,0,0,0,0
A_1099,92093,M,33,1,8,3,62,2.3,98,0,0,0,1,0
A_1556,92672,F,29,3,-1,2,62,1.75,0,0,0,0,1,0
A_44,94706,M,64,2,40,4,63,1.2,0,0,0,1,0,0
A_52,91711,F,64,2,40,4,63,1.2,0,1,0,0,1,0
A_1911,94305,M,64,3,38,2,63,1.7,184,1,0,1,0,0
A_95,93109,M,62,3,36,1,63,2.5,0,0,0,0,0,0
A_1720,93407,F,62,1,36,1,63,1.6,118,0,0,1,0,0
A_144,91605,F,61,1,35,1,63,1.6,0,0,0,1,0,0
A_1209,90007,M,58,1,34,4,63,1.5,0,0,0,1,0,0
A_1371,90044,M,59,1,33,1,63,1.6,0,0,0,1,1,0
A_1491,95616,F,55,1,31,3,63,2.67,0,0,0,1,0,0
A_838,93109,M,53,3,27,2,63,0.8,0,1,0,1,0,0
A_1796,94501,F,56,3,26,3,63,2,0,0,0,1,0,0
A_1465,94606,M,48,3,23,4,63,3.6,0,0,0,0,0,0
A_401,95621,M,45,3,21,1,63,0.8,245,0,0,1,1,0
A_881,95814,F,42,3,17,2,63,2.2,0,0,0,1,0,0
A_988,93407,M,40,1,15,3,63,3,0,1,0,1,0,0
A_1029,95060,F,41,3,15,1,63,0.7,79,0,0,0,1,0
A_454,90095,M,39,3,13,4,63,0.2,242,0,0,0,0,0
A_1558,92325,F,38,3,13,3,63,0.5,190,1,1,1,1,0
A_1526,95630,F,37,1,12,3,63,2.3,0,0,0,1,0,0
A_974,92697,F,35,1,9,2,63,1.8,0,0,0,1,0,0
A_846,95008,F,30,2,4,4,63,2.2,0,1,0,1,0,0
A_1324,95014,M,60,3,34,3,64,2.2,0,0,0,0,0,0
A_1239,95617,F,59,2,33,3,64,0.3,0,0,0,0,0,0
A_396,95138,F,57,3,32,3,64,1.6,0,0,0,1,0,0
A_574,90024,M,57,1,31,3,64,2.5,208,0,0,0,1,0
A_1214,94126,M,56,1,31,4,64,0.9,0,0,0,1,0,0
A_961,94306,M,55,2,30,2,64,1.9,0,0,0,0,0,0
A_602,93437,F,55,1,29,3,64,0.8,119,0,0,0,1,0
A_648,93063,M,55,3,29,4,64,2.6,0,0,0,1,0,0
A_1638,90095,M,54,3,28,2,64,0.8,0,1,0,1,0,0
A_1941,92007,F,57,3,27,3,64,2,142,0,0,1,0,0
A_1472,92104,F,46,1,21,1,64,2.9,0,0,0,1,1,0
A_284,92661,F,40,1,16,4,64,2.67,0,1,0,1,0,0
A_141,92093,M,38,3,14,1,64,1.5,0,0,0,0,1,0
A_1608,94115,M,38,1,12,2,64,1.8,0,0,0,0,0,0
A_1308,94306,F,35,2,10,3,64,0.7,230,0,0,1,0,0
A_1399,94542,M,35,1,10,3,64,2.3,0,0,1,1,1,0
A_1709,92507,M,33,1,9,4,64,3.4,0,0,0,0,0,0
A_929,94720,M,31,1,7,1,64,1.2,0,0,0,1,0,0
A_1959,94720,F,31,1,6,2,64,2.5,0,0,0,1,0,0
A_1438,92612,M,66,1,41,3,65,2.4,0,0,0,0,0,0
A_1616,95354,F,60,3,34,3,65,2.2,94,1,1,0,1,0
A_1592,92677,F,56,3,32,2,65,3.2,0,0,0,1,0,0
A_623,92093,M,56,1,31,3,65,1.7,109,0,0,0,0,0
A_1242,93403,F,56,1,31,2,65,3.7,0,0,0,1,0,0
A_544,94545,M,54,3,29,4,65,1.8,0,0,0,0,1,0
A_1876,93106,M,52,1,28,1,65,0,0,0,0,1,1,0
A_1712,92093,F,55,3,25,4,65,2,0,0,0,1,0,0
A_891,91330,M,47,2,22,3,65,2.7,0,0,0,1,0,0
A_1786,90840,F,47,1,22,1,65,2.4,0,0,0,1,0,0
A_1097,92037,M,44,1,20,2,65,2.5,0,0,0,1,0,0
A_325,93065,F,43,3,18,2,65,2.2,0,0,0,1,0,0
A_1597,92614,F,42,3,16,3,65,0.5,256,0,0,1,0,0
A_1650,94110,F,43,2,16,3,65,2.67,100,0,0,0,0,0
A_1032,95822,M,39,3,15,1,65,1.5,0,0,0,0,0,0
A_1674,90019,F,41,3,15,3,65,0.5,0,0,0,0,0,0
A_1826,92037,M,41,1,15,2,65,2.8,0,0,0,1,1,0
A_1765,91706,F,38,2,13,3,65,0.7,0,0,0,1,0,0
A_338,90747,F,35,1,11,3,65,2.8,240,0,0,1,0,0
A_57,92093,F,34,1,8,1,65,3,227,0,0,1,0,1
A_1755,95134,F,32,1,8,1,65,1.2,268,0,0,1,0,0
A_811,90245,M,61,3,37,4,68,2.3,0,0,0,0,0,0
A_769,93117,F,59,3,35,1,68,1.8,95,0,0,0,0,0
A_1749,94305,F,58,1,34,2,68,2.8,113,0,0,0,0,0
A_1198,95064,M,59,3,33,2,68,2.3,0,1,0,0,0,0
A_1095,94542,M,57,1,32,4,68,0.7,191,0,0,1,1,0
A_1497,90041,F,57,1,32,2,68,3.7,184,0,0,0,0,0
A_119,94571,M,56,3,31,2,68,0,0,1,0,1,0,0
A_614,95821,F,50,2,24,1,68,1.5,120,0,0,1,1,0
A_659,90024,F,49,2,23,1,68,1.5,0,0,0,0,0,0
A_1549,91320,F,47,2,20,1,68,2.67,0,0,0,1,1,0
A_963,93943,M,44,1,18,4,68,2.9,0,1,0,0,0,0
A_1495,92673,F,44,1,18,4,68,2.9,0,1,0,0,1,0
A_259,94720,M,34,1,9,1,68,2.8,0,0,0,1,0,0
A_1129,92407,F,33,1,8,4,68,1.3,0,0,0,1,0,0
A_127,90509,F,35,3,5,4,68,1.8,0,0,0,0,0,0
A_560,91706,M,65,2,40,4,69,0.1,0,0,0,1,0,0
A_594,95039,F,62,3,36,2,69,1.7,0,0,0,1,0,0
A_1072,94710,M,57,1,32,4,69,0.7,245,0,0,0,0,0
A_1362,90089,F,55,2,31,1,69,2.7,0,1,0,0,1,0
A_665,92009,F,54,3,30,1,69,1.6,0,0,0,1,1,0
A_855,91007,F,55,3,30,4,69,1.3,0,1,1,1,1,0
A_1117,94005,M,51,2,26,3,69,2,0,0,0,1,0,0
A_814,90025,M,45,1,21,4,69,1.9,0,0,0,0,0,0
A_53,92028,M,44,3,20,1,69,0.8,184,0,1,1,1,0
A_414,95814,M,44,3,20,1,69,0.8,0,0,0,1,1,0
A_1207,90840,M,45,1,19,1,69,2.8,220,0,0,1,1,0
A_1260,90630,F,39,2,13,3,69,0.9,0,0,0,0,0,0
A_395,91911,M,37,1,11,3,69,2.1,0,1,0,0,0,0
A_1990,92124,M,38,2,11,3,69,2.33,0,0,0,0,0,0
A_1250,90024,F,36,3,6,4,69,4,0,0,0,1,0,0
A_941,94302,M,30,2,5,1,69,0.8,0,0,0,1,0,0
A_353,94538,M,28,2,4,3,69,0.7,80,0,0,1,0,0
A_1189,94305,F,28,2,4,3,69,0.7,170,0,0,0,0,0
A_643,92161,M,33,3,3,4,69,1.8,0,0,0,1,0,0
A_780,93711,M,66,1,41,3,70,2.2,0,0,0,0,0,0
A_1931,92182,M,54,3,30,1,70,1.6,251,0,0,1,1,0
A_1065,91320,F,51,2,26,1,70,2.8,0,0,0,1,1,0
A_807,90095,F,51,3,25,1,70,0.8,0,1,0,1,0,0
A_115,91330,M,49,1,24,1,70,2.9,0,0,0,0,0,0
A_275,90024,F,49,1,24,1,70,2.9,0,0,0,0,1,0
A_1680,92122,F,48,2,23,1,70,2.8,0,0,0,0,0,0
A_975,94701,F,46,1,22,4,70,1.9,212,0,0,0,1,0
A_1992,90405,F,46,1,20,4,70,2.9,0,0,0,0,1,0
A_217,92399,F,44,2,19,1,70,0.2,230,1,0,0,0,0
A_596,94920,F,44,2,17,3,70,2.67,0,0,0,0,0,0
A_1373,94022,M,38,3,14,4,70,2,0,0,0,1,0,0
A_1215,92131,M,36,2,12,3,70,2.6,165,0,0,1,0,0
A_1157,91423,M,32,1,8,3,70,1.5,0,0,0,1,0,0
A_1343,93101,F,29,1,5,4,70,0,0,0,0,1,1,0
A_926,93010,F,25,1,1,4,70,2.6,218,0,0,1,0,0
A_1155,92115,F,31,3,1,2,70,1.75,0,0,1,1,1,0
A_206,91335,F,59,3,33,2,71,2.3,150,0,0,1,1,0
A_1565,91311,F,55,2,29,3,71,0.3,0,0,0,0,1,0
A_1183,92521,M,51,2,27,1,71,2.6,0,0,0,0,1,0
A_993,92037,F,52,3,26,1,71,1.4,0,0,0,0,0,0
A_1658,95814,F,46,3,21,4,71,1.9,0,0,0,0,0,0
A_1888,90029,M,45,1,21,4,71,1.9,0,0,0,1,0,0
A_1079,91006,M,44,3,20,4,71,2,0,0,0,0,1,0
A_1040,93943,M,44,3,18,2,71,0.8,0,0,0,1,0,0
A_180,90089,M,43,2,16,3,71,2.33,0,0,0,0,0,0
A_1063,91302,F,37,1,11,1,71,2.5,185,0,0,1,1,0
A_502,93561,F,33,3,3,4,71,1.8,236,0,0,0,0,0
A_637,93727,M,25,1,0,4,71,0.2,78,1,0,0,0,0
A_48,92350,M,59,2,33,2,72,0.7,226,0,0,0,0,0
A_819,90095,M,56,2,31,3,72,2,0,0,0,0,0,0
A_1203,94558,F,54,1,29,2,72,3.7,144,0,0,1,0,0
A_1213,93107,M,55,2,29,3,72,0.3,147,0,0,0,0,0
A_1893,95123,M,54,3,24,3,72,1.4,0,0,0,0,1,0
A_709,91711,F,46,2,22,4,72,1.4,149,0,0,1,1,0
A_938,93108,F,46,3,20,2,72,0.8,0,0,0,1,1,0
A_451,95616,F,42,2,17,4,72,1.1,203,0,0,0,1,0
A_1918,94806,F,43,1,17,1,72,2.8,271,0,0,1,0,0
A_71,95817,M,39,1,13,2,72,2.8,0,0,0,1,0,0
A_768,94706,F,35,2,11,3,72,2.6,0,0,0,1,0,0
A_38,91320,M,35,1,10,3,72,2.3,285,0,0,0,0,0
A_1137,94583,M,31,2,6,1,72,2.6,0,0,0,1,0,0
A_810,95133,M,31,2,5,4,72,1.8,242,0,0,1,1,0
A_866,94542,M,31,1,5,3,72,1.6,0,0,0,1,0,0
A_202,92647,F,26,1,2,4,72,2.6,0,1,1,1,0,0
A_375,95003,F,26,1,2,4,72,2.6,0,0,0,1,0,0
A_1490,94301,M,25,1,1,3,72,0.8,0,0,0,1,0,0
A_412,90073,F,64,1,39,3,73,2.4,185,0,0,0,0,0
A_701,92056,F,59,3,33,2,73,1.7,0,0,0,1,1,0
A_889,95207,F,55,1,31,3,73,2.67,219,0,0,1,0,0
A_158,94035,F,56,1,30,2,73,1.1,0,0,0,0,0,0
A_255,91360,M,46,3,22,1,73,0.8,117,0,0,0,0,0
A_1086,92648,M,46,1,22,2,73,1.7,216,0,0,1,0,0
A_41,93106,F,46,2,20,1,73,1.5,128,0,0,1,0,0
A_806,94086,F,45,1,19,4,73,2.9,0,0,0,0,0,0
A_1865,90089,F,42,1,17,4,73,0.4,0,1,0,0,0,0
A_1359,94545,F,42,2,15,3,73,2.33,0,0,0,0,0,0
A_51,95758,F,37,1,13,4,73,2.4,0,0,0,0,0,0
A_16,95617,F,36,3,12,4,73,2,188,0,0,1,0,0
A_1444,93943,M,35,1,10,3,73,2.3,0,0,0,1,0,0
A_1676,94043,F,37,3,7,4,73,1.8,0,0,0,1,1,0
A_1613,93711,M,30,3,5,3,73,2.6,0,0,0,1,0,0
A_129,95039,M,29,2,4,1,73,0.8,0,0,0,1,0,0
A_1870,94720,M,29,3,3,3,73,0.3,0,0,0,0,0,0
A_910,92120,M,23,1,-1,4,73,2.6,0,0,0,1,0,0
A_1357,95817,M,58,3,32,2,74,2.3,0,0,0,0,1,0
A_1606,92780,F,57,1,32,4,74,0.7,0,0,0,0,1,0
A_610,94607,F,55,1,31,3,74,2.67,0,0,0,0,1,0
A_831,94611,F,55,3,31,2,74,3.2,0,0,0,1,1,0
A_835,94920,F,56,3,31,3,74,1.6,0,0,0,1,1,0
A_703,91711,M,53,2,28,3,74,2,0,1,0,0,0,0
A_1670,91335,M,56,3,26,1,74,3,0,0,0,0,0,0
A_156,92821,M,46,3,20,4,74,2.6,104,0,0,1,0,0
A_316,90041,F,44,3,19,4,74,1.9,0,0,0,0,0,0
A_1655,92009,F,43,1,18,4,74,0.4,0,0,0,0,0,0
A_82,90245,M,40,2,14,4,74,1.4,0,0,0,1,0,0
A_247,92691,M,41,2,14,3,74,2.33,0,0,0,1,0,0
A_1140,93063,M,39,2,14,1,74,0.1,144,1,0,1,0,0
A_642,95008,M,39,2,13,3,74,0.9,155,0,0,1,0,0
A_1489,92120,F,33,2,9,3,74,2.6,0,0,0,1,0,0
A_1551,93023,M,32,2,8,4,74,0.1,257,0,0,0,1,0
A_996,94720,F,28,3,3,3,74,2.6,0,0,0,0,0,0
A_1550,91330,F,28,2,3,2,74,1.8,221,1,0,0,0,0
A_1316,94085,F,25,1,1,4,74,2.6,204,0,0,0,0,0
A_486,94720,F,64,2,39,4,75,0.1,0,0,1,1,1,0
A_1319,90034,F,58,3,33,2,75,0,0,0,0,1,0,0
A_91,92096,F,58,3,32,2,75,2.3,0,0,0,0,0,0
A_1532,94720,M,54,3,30,2,75,3.2,0,0,0,0,1,0
A_1017,94303,F,53,2,27,1,75,1.9,0,0,0,1,0,0
A_1188,95670,F,49,2,24,1,75,2.8,160,0,0,0,1,0
A_573,94111,M,48,3,23,4,75,3.6,0,0,0,1,1,0
A_884,95010,F,41,3,15,1,75,1.5,0,0,0,1,0,0
A_1542,92521,F,39,2,14,1,75,0.1,297,0,0,0,1,0
A_1393,94501,F,39,2,12,3,75,2.33,0,0,0,1,1,0
A_1600,94542,M,35,2,11,2,75,1.7,0,0,0,1,0,0
A_1114,94303,F,34,1,9,1,75,2.8,194,0,0,0,0,0
A_1827,92109,M,65,3,41,3,78,2,0,0,1,1,1,0
A_404,92009,M,62,3,38,1,78,1.8,0,0,0,0,0,0
A_1732,92521,M,62,3,38,2,78,0,0,0,0,1,0,0
A_1176,91711,F,63,3,37,4,78,1.7,0,0,0,1,0,0
A_1433,91330,M,61,1,36,3,78,0.5,0,0,0,1,1,0
A_1504,90840,F,61,1,35,2,78,2,0,0,0,1,1,0
A_359,90401,M,56,2,30,3,78,1.7,0,0,0,0,0,0
A_905,92507,M,54,2,30,4,78,1.6,0,0,0,1,1,0
A_1057,95521,M,55,3,29,1,78,0.8,190,0,0,1,0,0
A_1143,91311,M,54,1,28,4,78,4.9,0,0,0,0,0,0
A_1522,94301,F,52,2,26,3,78,3,0,0,0,0,0,0
A_1731,90720,M,52,2,26,3,78,3,0,0,0,0,1,0
A_357,90037,F,51,2,24,1,78,2.67,0,0,0,1,0,0
A_1496,91423,F,48,3,23,4,78,3.6,0,0,0,1,0,0
A_848,94588,M,48,1,22,3,78,2.1,0,0,0,1,1,0
A_487,94010,F,48,2,21,3,78,2,0,0,0,1,1,0
A_1410,95929,F,41,1,17,4,78,2.67,99,0,0,1,0,0
A_1563,90720,F,40,1,16,4,78,2.4,0,1,1,1,0,0
A_770,91942,F,38,3,13,4,78,0.7,0,0,0,1,0,0
A_1785,95616,F,39,3,13,1,78,2.8,0,0,0,0,0,0
A_281,92121,M,35,2,10,1,78,2.6,0,0,0,0,0,0
A_1561,95064,F,36,3,10,2,78,4.5,204,0,0,1,1,0
A_1591,90095,F,34,2,9,3,78,0.6,0,0,0,1,0,0
A_1091,95051,F,33,2,8,3,78,0.6,0,0,0,1,0,0
A_1108,95819,F,33,2,6,4,78,2,0,1,0,1,0,0
A_432,92037,M,30,2,5,1,78,2.6,0,0,0,1,0,0
A_1328,94720,F,24,2,-1,2,78,1.8,0,0,0,0,0,0
A_1797,90035,F,65,3,41,3,79,2,0,0,0,0,0,0
A_1088,94024,F,61,1,35,2,79,2,194,0,0,1,1,0
A_1008,91335,M,57,1,31,3,79,4.4,0,0,0,0,1,0
A_1022,92630,M,54,2,30,4,79,1.6,0,0,0,1,0,0
A_1424,92182,F,55,3,30,2,79,0,0,0,0,0,0,0
A_312,91330,F,54,2,29,4,79,3.8,0,1,0,1,0,0
A_1892,90029,F,55,1,29,4,79,4.9,0,0,0,0,0,0
A_723,91342,M,54,2,28,3,79,1.7,150,0,0,1,1,0
A_763,92677,F,54,3,28,4,79,2.6,0,0,0,0,0,0
A_955,95817,M,52,1,26,3,79,0.8,183,0,0,0,0,0
A_570,95023,F,50,1,25,1,79,2.9,307,0,0,0,1,0
A_185,90245,F,48,2,24,4,79,1.4,0,1,0,0,1,0
A_1334,94025,M,49,3,24,4,79,3.6,212,0,0,1,0,0
A_228,95819,M,49,2,23,3,79,0.7,151,0,0,1,0,0
A_1074,94024,F,48,2,23,1,79,0.2,0,0,0,0,0,0
A_294,95747,F,48,2,22,3,79,0.7,0,0,0,1,0,0
A_505,94720,F,47,2,20,3,79,2,185,1,0,0,0,0
A_652,92028,F,39,2,15,2,79,1.8,219,0,0,0,0,0
A_1813,91711,M,37,2,13,4,79,0.1,280,0,0,1,0,0
A_214,94720,M,35,3,10,4,79,2.1,182,0,0,1,0,0
A_289,95045,M,35,3,10,4,79,2.1,0,1,0,1,0,0
A_735,94612,F,33,1,9,1,79,0.1,0,0,0,1,0,0
A_1949,95630,F,26,1,2,2,79,2.5,0,0,0,1,0,0
A_700,94105,M,65,3,40,1,80,0.8,0,0,0,1,0,0
A_511,94608,M,60,1,35,3,80,0.5,0,0,0,1,0,0
A_1053,90095,M,58,1,34,2,80,1.6,0,0,0,1,1,0
A_506,93907,M,59,2,33,2,80,0.7,0,0,0,1,0,0
A_1477,95053,F,57,2,33,4,80,1.6,0,0,0,0,0,0
A_234,95616,M,50,1,24,4,80,4.9,0,0,0,1,0,0
A_1028,91343,F,48,1,24,1,80,2.7,0,0,0,1,0,0
A_1415,93023,F,53,3,23,1,80,3,0,0,0,1,1,0
A_479,93940,M,48,2,22,2,80,2.4,0,0,0,1,0,0
A_1795,94720,F,48,1,22,3,80,1.1,0,0,0,0,0,0
A_1919,95020,F,43,1,17,3,80,0.1,0,0,1,1,1,0
A_971,92868,M,38,1,14,2,80,2.7,0,0,0,1,0,0
A_456,95616,F,39,1,13,2,80,1.8,0,0,0,1,0,0
A_6,94608,M,36,2,10,4,80,2.2,0,0,0,1,0,0
A_1686,91103,F,33,3,7,2,80,1.5,0,0,0,1,1,0
A_1646,90028,F,29,2,4,1,80,0.8,0,0,0,1,1,0
A_847,95616,F,26,1,1,4,80,0.2,0,0,0,1,1,0
A_946,94105,M,24,3,-2,2,80,1.6,0,0,0,1,0,0
A_1356,91107,M,24,3,-2,2,80,1.6,238,0,0,0,0,0
A_1331,95449,F,61,2,36,3,81,1.8,0,0,0,1,0,0
A_1122,92096,F,54,3,29,2,81,0,0,0,0,1,0,0
A_1852,94928,F,55,1,29,4,81,4.9,209,0,0,1,0,0
A_1376,94720,F,54,1,28,3,81,0.8,0,0,0,0,0,0
A_554,91942,M,52,3,27,1,81,1.3,293,0,0,0,1,0
A_1162,90032,M,53,3,27,4,81,2.6,0,0,0,1,0,0
A_1580,90024,M,52,2,27,4,81,3.8,0,0,0,0,1,0
A_1729,92806,M,50,1,25,1,81,1.2,0,0,0,0,0,0
A_1112,94720,F,50,1,24,1,81,4.9,248,0,0,1,0,0
A_1166,95053,F,50,3,24,2,81,0.4,0,0,0,0,0,0
A_1702,93107,M,49,3,23,2,81,0.8,0,0,0,0,0,0
A_1416,94301,F,49,2,22,3,81,2,0,0,0,1,0,0
A_1725,90009,M,47,3,22,4,81,3.6,0,0,0,1,1,0
A_434,90245,F,44,3,20,4,81,2,277,0,0,1,0,0
A_1506,90254,F,44,1,20,4,81,0.8,228,0,0,0,1,0
A_405,90245,M,43,1,19,1,81,0.3,218,0,0,1,0,0
A_1757,92121,F,43,1,19,2,81,3.2,0,0,0,1,0,0
A_720,92868,F,41,3,17,4,81,0.2,167,1,0,0,0,0
A_1726,95422,F,41,2,17,1,81,0.8,223,0,0,1,0,0
A_1120,94309,F,39,1,13,2,81,2.8,0,0,0,1,0,0
A_1541,90095,F,38,3,13,1,81,4,206,1,0,1,0,0
A_1873,95123,F,37,2,11,3,81,0.9,0,0,0,1,1,0
A_367,95006,M,31,2,7,2,81,2,0,0,1,1,1,0
A_950,92122,M,33,3,7,2,81,4.5,187,0,1,1,1,0
A_1481,92647,M,33,1,7,3,81,1.6,0,0,0,1,1,0
A_153,94115,F,29,1,5,2,81,2.5,0,0,0,0,1,0
A_1681,92121,M,28,1,3,4,81,0.2,0,0,0,0,0,0
A_582,92647,M,25,3,-1,2,81,1.6,0,0,0,1,1,0
A_1442,91711,F,23,2,-2,2,81,1.8,0,0,0,0,0,0
A_1351,94131,M,65,3,39,4,82,2.4,252,0,0,1,0,0
A_1229,94086,M,62,3,37,1,82,0.8,312,0,0,1,0,0
A_959,94720,F,55,2,30,4,82,3.8,0,0,0,1,0,0
A_1883,94709,F,54,2,29,3,82,3.7,0,0,0,1,0,1
A_903,91335,F,50,3,25,1,82,1.3,0,0,0,1,0,0
A_260,95051,F,49,1,24,1,82,2.9,267,0,0,1,0,0
A_416,90291,M,50,2,24,3,82,3,0,0,0,1,0,0
A_1453,92084,F,47,1,22,1,82,2.9,276,0,0,1,0,0
A_1104,94109,F,47,1,21,3,82,2.1,0,0,0,0,0,0
A_107,91016,F,46,2,20,3,82,0.7,0,0,0,1,1,0
A_1172,90230,M,46,2,20,2,82,1.7,0,0,0,1,1,0
A_361,91365,F,46,2,19,3,82,2.67,0,0,0,0,0,0
A_342,95616,M,42,3,17,1,82,3.7,0,0,0,1,0,0
A_786,92373,M,37,1,13,2,82,2.2,0,0,0,0,0,0
A_354,95819,M,37,2,11,3,82,0.9,218,0,0,1,1,0
A_1309,94720,M,35,1,9,1,82,2.5,138,0,0,0,0,0
A_1456,95747,F,33,2,8,1,82,2.6,0,1,1,1,1,0
A_1706,93943,M,32,1,8,3,82,1.5,0,0,0,1,1,0
A_1228,94305,M,32,2,7,1,82,2.6,240,0,1,1,1,0
A_1735,95741,F,34,2,7,4,82,2,0,0,0,1,1,0
A_1036,92831,M,28,1,4,3,82,1.5,103,0,0,1,0,0
A_1644,95136,F,28,1,4,4,82,0,0,0,0,1,1,0
A_776,94305,M,27,1,3,2,82,0.2,0,0,0,0,1,0
A_739,90401,F,24,1,0,3,82,0.8,0,0,0,1,0,0
A_1610,92152,M,23,2,-2,2,82,1.8,0,1,0,0,1,0
A_1859,94305,F,65,3,41,3,83,2,0,0,0,1,0,0
A_617,92354,F,65,2,40,4,83,0.1,247,0,0,1,0,0
A_167,90025,M,63,3,39,3,83,2,0,0,0,1,1,0
A_73,91320,F,63,2,38,3,83,1.8,0,0,0,1,0,0
A_164,94028,M,60,1,34,2,83,2,249,0,0,0,0,0
A_1544,94701,M,59,1,33,3,83,4.4,0,0,0,1,0,0
A_1423,91320,F,56,2,32,4,83,1.6,0,0,0,0,0,0
A_85,93555,F,54,1,28,3,83,0.8,0,0,0,1,0,0
A_551,94705,M,52,1,28,1,83,0,0,0,0,1,0,0
A_638,94720,M,50,1,25,4,83,3.1,0,0,0,0,1,1
A_513,92126,M,49,1,23,1,83,0.3,0,0,0,1,1,0
A_1987,91791,F,50,2,23,1,83,2.67,0,0,1,1,1,0
A_33,95616,M,46,1,22,3,83,0.7,0,0,0,0,0,0
A_692,95060,F,46,1,22,1,83,2.7,0,0,0,1,0,0
A_792,91345,F,48,2,22,2,83,2.4,0,0,0,1,0,0
A_606,92121,F,44,1,19,4,83,0.4,141,0,0,0,0,0
A_254,93109,M,43,3,18,3,83,0.5,0,0,0,0,1,0
A_390,95616,F,43,3,18,2,83,3.8,112,0,0,0,0,0
A_947,92350,M,40,2,16,1,83,0.8,230,1,0,1,0,0
A_1632,90275,F,40,3,15,1,83,1,0,0,0,0,0,0
A_1266,94705,M,36,3,10,1,83,2.8,0,0,0,0,1,0
A_1857,95370,F,35,3,10,4,83,0.7,315,0,0,1,0,0
A_1691,90277,M,35,3,9,2,83,4.5,0,0,0,1,0,0
A_219,95211,F,33,1,7,1,83,2.5,0,1,1,1,1,0
A_376,94304,F,32,2,7,1,83,2.6,0,1,0,0,1,0
A_1612,94302,M,32,1,7,2,83,2.5,148,1,0,1,0,0
A_130,92131,M,31,2,6,4,83,2.2,106,0,0,1,0,0
A_545,92354,M,29,1,5,3,83,1.5,0,0,0,1,1,0
A_1671,93101,F,30,3,5,4,83,1.8,0,0,0,0,1,0
A_1657,91007,M,30,3,4,2,83,1.5,199,0,0,0,1,0
A_753,91775,F,27,3,1,4,83,2.1,0,0,0,1,1,0
A_1344,95762,M,65,3,41,2,84,0,0,0,0,1,1,0
A_142,94607,M,63,2,38,4,84,0.1,0,0,0,0,0,0
A_1940,92691,F,63,3,37,4,84,2.4,0,0,0,1,1,0
A_1737,92407,M,59,3,35,1,84,1.8,0,0,0,1,0,0
A_1687,93407,F,56,1,32,1,84,4.3,0,0,0,1,1,0
A_186,92672,M,56,3,31,1,84,0.1,0,0,0,1,0,0
A_1740,95821,M,55,3,30,2,84,0,0,0,0,0,0,0
A_461,91768,F,52,2,26,3,84,3,0,0,0,1,0,0
A_96,94402,F,48,2,23,4,84,3.1,0,1,1,1,0,1
A_800,92692,M,46,3,22,4,84,2,0,0,0,1,0,0
A_431,94550,F,45,3,21,4,84,2,0,0,0,1,1,0
A_781,93403,F,38,3,13,4,84,0.7,0,0,0,0,0,0
A_1822,91330,M,38,3,13,3,84,1.2,121,0,0,1,1,0
A_566,90291,M,36,2,12,1,84,0.8,0,0,0,1,1,0
A_1307,90266,M,37,2,11,4,84,2.2,0,0,0,1,1,0
A_1849,95616,M,34,2,10,4,84,0.1,0,0,0,1,0,0
A_1743,92093,M,32,1,8,4,84,3.4,0,0,0,1,0,0
A_1446,91320,F,32,2,7,3,84,0.6,0,0,0,1,1,0
A_1244,91320,M,31,3,5,1,84,2.9,105,0,0,0,1,0
A_1999,94720,M,31,2,5,4,84,1.8,0,1,0,1,0,0
A_122,95814,M,27,1,3,3,84,1.5,0,0,0,1,1,0
A_1279,94720,F,64,2,39,4,85,3.4,200,0,0,1,0,0
A_1325,90019,F,62,3,36,2,85,1.7,98,0,0,0,0,0
A_533,92110,F,58,1,32,2,85,2,161,1,1,1,1,0
A_588,94132,M,56,1,32,3,85,2.67,0,1,0,1,0,0
A_805,94591,M,55,3,30,1,85,0.1,0,0,0,0,0,0
A_1461,92037,F,53,1,28,1,85,1.2,0,0,0,0,0,0
A_828,94015,M,51,1,25,4,85,4.9,0,0,0,1,1,0
A_888,94105,F,48,1,22,3,85,1.1,203,0,0,1,0,0
A_128,93106,F,47,2,21,2,85,1.7,0,0,0,0,1,0
A_1174,94720,M,45,1,19,3,85,2.1,0,0,0,1,1,0
A_1742,90024,M,44,3,19,2,85,3.8,0,0,0,1,0,0
A_1928,92606,M,43,3,18,4,85,1.9,110,0,0,1,1,0
A_587,90291,F,41,3,17,4,85,0.2,229,0,0,0,0,0
A_78,94550,F,40,1,15,2,85,0.4,0,1,0,0,0,0
A_382,94005,M,39,3,14,3,85,1.2,107,0,0,1,1,0
A_1752,92121,M,35,1,9,2,85,1.8,0,0,0,0,0,0
A_1841,94117,F,31,1,5,3,85,1.6,87,0,0,1,1,0
A_840,93302,F,27,3,1,2,85,1.6,0,0,0,0,0,0
A_1555,95616,F,26,3,0,2,85,1.6,0,0,0,0,0,0
A_844,94923,F,59,1,35,2,88,1.6,0,0,0,0,1,0
A_189,93555,F,58,1,34,2,88,1.6,0,0,0,1,1,0
A_1153,92647,F,54,2,30,4,88,1,122,0,0,1,0,0
A_55,90037,F,50,1,26,1,88,2.7,0,0,0,1,0,0
A_745,94305,M,47,2,23,4,88,1.4,0,0,0,0,0,0
A_1855,90089,F,43,2,18,4,88,1.1,0,0,0,1,0,0
A_1039,90212,M,36,1,12,2,88,2.7,0,0,0,1,0,0
A_1484,94583,F,33,1,7,3,88,1.6,0,0,0,1,1,0
A_1641,94024,F,28,1,4,1,88,5.4,0,0,0,1,0,0
A_1869,92182,M,27,1,3,3,88,0.8,238,0,0,0,0,0
A_1939,94025,M,26,2,1,2,88,1.8,0,0,0,0,0,0
A_212,94566,M,25,2,0,2,88,1.8,319,0,0,1,1,0
A_696,94707,F,64,1,40,1,89,3.8,0,0,0,0,0,0
A_825,90291,M,65,1,40,1,89,4.1,299,0,1,1,0,1
A_1417,94022,M,62,1,36,2,89,2,0,0,0,1,1,0
A_1502,94608,F,59,2,33,4,89,1.9,0,0,0,1,1,0
A_125,92096,F,56,2,32,4,89,1,90,1,0,1,0,0
A_620,92130,F,53,3,27,1,89,0.8,0,1,0,1,0,0
A_694,92735,F,53,3,27,1,89,0.8,146,0,0,1,1,0
A_94,94920,F,47,2,23,1,89,2.6,0,1,1,1,1,0
A_783,94720,F,47,3,21,2,89,0.8,0,0,0,1,1,0
A_436,94539,F,42,1,18,4,89,0.8,184,0,0,0,0,0
A_447,94303,F,43,3,18,3,89,0.5,108,0,0,0,1,0
A_949,92780,M,43,2,18,1,89,0.1,307,0,0,0,1,0
A_165,90011,M,40,1,16,4,89,0.8,155,0,0,1,0,0
A_534,92126,M,39,1,15,2,89,1.9,0,0,0,0,0,0
A_1222,95762,M,39,1,14,2,89,0.4,0,0,0,1,0,0
A_904,94583,M,38,2,12,4,89,1.4,0,0,0,0,0,0
A_1991,94609,F,37,3,11,1,89,1.5,0,0,0,1,0,0
A_42,91763,M,34,1,9,1,89,0,0,0,0,1,0,0
A_1024,95039,M,58,2,34,1,90,3.6,0,0,0,0,0,1
A_1779,92192,F,60,2,34,4,90,1.9,0,0,0,1,0,0
A_1463,95054,M,56,1,32,2,90,0.3,0,0,0,1,1,0
A_1014,94402,M,56,2,30,1,90,1.9,0,0,0,1,0,0
A_878,95053,F,53,1,29,2,90,0.3,217,1,0,0,1,0
A_1548,92120,F,56,3,26,2,90,4.5,0,0,0,0,0,0
A_1980,94110,F,51,2,26,1,90,2.8,0,0,0,1,1,0
A_1668,90717,F,55,3,25,2,90,4.5,0,0,0,0,1,0
A_346,94523,F,48,2,24,1,90,2.6,334,0,0,1,0,0
A_771,95449,F,47,1,23,1,90,2.7,323,0,0,0,0,0
A_108,95064,M,42,1,18,4,90,0.8,245,1,0,0,0,0
A_981,95616,F,44,3,18,4,90,2.6,0,0,0,1,0,0
A_762,94110,M,38,1,14,2,90,2.7,0,0,0,1,1,0
A_1322,94709,M,36,1,11,1,90,2.8,0,0,0,1,0,0
A_345,91342,F,36,3,6,4,90,1.8,0,1,0,0,0,0
A_752,91365,F,27,1,3,3,90,0.8,0,0,0,1,0,0
A_514,92821,M,59,2,33,4,91,1.9,329,0,0,0,0,0
A_1257,94122,M,59,2,33,2,91,0.7,0,0,0,1,1,0
A_1962,95133,M,57,1,33,1,91,4.3,81,1,0,0,0,0
A_1581,93555,F,55,1,31,2,91,2.8,0,0,0,0,0,0
A_1937,94110,F,55,1,31,2,91,2.8,0,0,0,1,0,0
A_1275,92407,M,51,3,25,1,91,0.8,0,0,0,0,0,0
A_1475,91101,M,54,3,24,2,91,4.5,90,0,0,1,0,0
A_1762,95054,M,45,1,21,1,91,4.7,0,0,0,1,0,0
A_296,92373,M,45,2,19,2,91,1.7,0,1,0,1,0,0
A_321,94583,F,42,2,17,1,91,0.1,199,0,0,1,1,0
A_1350,95134,M,43,1,17,1,91,5.2,0,1,0,0,0,0
A_520,94720,F,41,3,16,3,91,0.5,0,0,0,0,0,0
A_1033,93907,M,39,2,15,2,91,1.7,151,0,0,0,0,0
A_384,95060,M,38,1,14,2,91,0,0,0,0,1,0,0
A_821,92028,M,36,3,10,1,91,1.5,289,0,0,1,0,0
A_1615,95039,M,25,2,0,2,91,1.8,321,0,0,0,0,0
A_688,91109,F,64,3,40,2,92,0,185,1,0,1,0,0
A_47,94710,F,63,3,39,2,92,0,0,0,0,1,0,0
A_822,94608,M,62,1,37,3,92,0.5,310,0,0,1,0,0
A_991,92121,F,51,1,27,4,92,3,0,0,1,1,1,1
A_1488,94550,F,55,3,25,1,92,3,158,0,0,0,1,0
A_1363,90024,M,40,2,14,4,92,1.4,0,0,0,1,0,0
A_1728,92037,F,31,1,6,2,92,3.3,0,0,0,0,0,0
A_1521,95006,F,29,1,5,2,92,0.6,0,0,0,1,0,0
A_666,96001,F,26,1,2,2,92,0.2,0,0,0,1,0,0
A_738,91320,M,59,2,33,2,93,0.7,0,0,0,0,0,0
A_322,95051,F,53,2,29,1,93,2.7,256,0,0,1,0,0
A_1751,90291,M,52,2,27,4,93,4.1,0,0,0,0,1,1
A_126,91745,M,52,1,26,1,93,2.4,0,0,0,1,0,0
A_1835,90036,M,49,1,23,1,93,2.4,0,0,0,1,1,0
A_877,90266,F,47,2,22,1,93,0.2,309,0,0,1,0,0
A_605,91910,F,44,1,20,4,93,0.8,101,0,0,1,0,0
A_496,92835,M,41,1,17,4,93,0.8,218,0,0,0,0,0
A_74,90025,M,37,1,12,1,93,2.8,0,1,0,1,0,0
A_914,95616,M,38,1,12,1,93,5.2,267,0,0,1,0,0
A_1125,95125,F,36,1,12,2,93,2.2,0,0,0,1,0,0
A_1895,90720,F,36,1,12,2,93,2.2,0,0,0,1,1,0
A_636,90747,M,35,1,11,2,93,2.7,0,0,0,1,1,0
A_368,94305,F,36,3,10,1,93,2.8,0,0,0,1,0,0
A_112,95032,F,31,2,5,2,93,3.1,0,0,0,1,0,1
A_1697,93022,M,65,1,39,4,94,4.1,120,0,1,1,1,1
A_578,90089,F,59,1,35,1,94,3.8,272,0,0,0,0,0
A_829,94610,F,59,1,35,1,94,4.3,76,1,1,1,0,0
A_1871,94109,M,55,3,29,1,94,0.8,221,0,0,0,0,0
A_1464,92709,F,54,1,28,2,94,1.1,188,0,0,0,0,0
A_445,90095,F,45,3,20,3,94,0.5,0,0,0,1,0,0
A_529,92717,F,43,2,18,4,94,1.1,0,0,0,1,0,0
A_1043,90401,M,39,3,13,1,94,1.5,0,0,0,0,1,0
A_1882,90095,M,64,3,40,2,95,0,0,0,0,1,1,0
A_550,91107,F,62,1,37,3,95,0.5,0,0,0,0,0,0
A_569,94304,F,53,2,29,1,95,2.7,0,0,0,1,0,0
A_1790,94720,F,53,2,29,4,95,1,0,0,0,1,1,0
A_1619,92130,F,52,1,26,1,95,0.3,0,0,0,1,0,0
A_1829,92407,M,55,3,25,2,95,4.5,275,0,0,0,0,0
A_1401,91401,F,50,1,24,1,95,0.3,262,0,0,1,0,0
A_1320,91101,M,41,1,15,3,95,0.1,240,1,0,0,0,0
A_1447,94109,M,38,1,14,2,95,1.9,0,0,0,1,1,0
A_1482,90095,F,37,2,13,2,95,1.7,83,0,0,0,0,0
A_1997,94234,M,30,3,6,1,95,3.9,146,0,0,0,1,1
A_1830,90245,M,28,2,3,2,95,1.8,0,0,0,0,0,0
A_1760,90277,M,58,1,33,1,98,2.6,0,0,0,0,0,0
A_274,91355,M,56,3,32,3,98,3.9,0,0,0,0,0,1
A_377,93065,F,54,3,29,1,98,0.1,0,0,0,0,0,0
A_1404,90024,F,51,3,26,1,98,1.3,0,0,0,1,1,0
A_56,92131,F,43,1,18,2,98,0.4,0,0,0,1,0,0
A_352,94402,M,43,1,17,3,98,1.1,0,0,0,0,0,0
A_386,92866,F,42,1,17,2,98,0.4,275,0,0,1,0,0
A_1666,95192,F,41,1,16,3,98,1,296,0,0,0,0,0
A_1019,95929,M,32,1,7,1,98,4.2,171,1,1,0,0,1
A_1164,92028,F,30,3,5,4,98,1.8,129,1,1,1,1,0
A_706,90717,F,25,1,1,1,98,5.4,0,0,0,1,0,0
A_639,94085,M,61,3,35,1,99,4.8,255,0,0,0,1,1
A_110,92096,F,41,2,17,2,99,1.8,0,0,0,1,1,0
A_816,93460,F,34,3,8,2,99,4.5,217,0,0,0,0,0
A_318,94720,F,31,1,7,1,99,4,0,0,0,1,0,0
A_351,94065,M,31,2,5,4,99,1.8,268,0,0,0,0,0
A_1634,94305,F,27,3,1,1,99,3,149,0,0,0,1,1
A_489,92735,F,25,1,0,1,99,1.9,323,0,0,0,0,0
A_116,92122,M,65,3,39,4,100,1.7,0,0,0,0,1,0
A_1003,95403,F,49,1,23,2,100,6.3,0,0,0,0,0,0
A_887,94720,M,39,2,15,1,100,0.8,0,0,0,1,0,0
A_145,92735,M,37,3,12,3,100,1.2,341,0,0,1,1,0
A_1146,92126,F,32,2,7,3,100,0.6,0,0,0,1,0,0
A_685,95819,M,63,1,37,2,101,2.8,0,0,0,0,0,0
A_751,94928,F,60,1,34,3,101,4.4,0,0,0,1,1,0
A_389,90048,F,56,2,30,3,101,1.7,0,0,0,0,1,0
A_23,93407,M,52,2,26,2,101,2.4,0,0,0,1,0,0
A_1730,90212,M,36,3,11,3,101,1.2,0,1,0,0,1,0
A_197,93727,M,33,2,7,1,101,2.7,233,0,0,0,0,0
A_1154,90245,F,30,1,6,2,101,0.6,0,0,0,1,0,0
A_1547,94501,M,31,3,5,1,101,2.9,170,1,0,0,0,0
A_1165,90280,F,28,3,2,4,101,2.1,0,0,0,1,0,0
A_2,94720,F,25,3,-1,4,101,2.3,256,0,0,0,1,0
A_1764,95819,F,25,3,-1,4,101,2.1,0,0,0,0,1,0
A_39,92677,F,59,2,35,4,102,3,115,0,0,1,0,1
A_134,94305,F,60,1,34,2,102,2,0,0,0,1,1,0
A_1459,90210,M,57,1,32,1,102,2.6,0,0,0,1,0,0
A_524,92677,M,51,1,25,1,102,0.3,0,0,0,1,0,0
A_1390,95039,F,46,3,22,3,102,4.5,0,0,0,1,0,1
A_915,92115,F,34,2,9,4,102,2.2,0,0,0,1,0,0
A_1300,90245,M,29,1,4,2,102,3.3,303,0,0,0,0,0
A_170,95521,F,26,1,1,1,102,1.9,0,0,0,0,0,0
A_1985,90304,M,64,3,39,1,103,0.8,0,0,0,1,1,0
A_1862,92182,M,62,1,36,2,103,2.8,0,1,1,1,0,0
A_478,94111,F,56,3,32,3,103,4,0,0,0,0,0,1
A_501,91380,F,46,3,20,4,103,4.8,0,0,0,1,0,1
A_317,90089,F,43,1,18,3,103,1,180,0,0,1,1,0
A_1476,91367,M,42,1,18,1,103,3.33,0,1,1,1,1,1
A_90,94305,M,38,2,14,1,103,0.8,0,0,0,0,1,0
A_1618,93555,M,36,1,11,1,103,4.6,255,0,0,1,0,0
A_1218,95120,M,35,3,9,2,103,4.5,0,0,0,1,0,0
A_1660,92121,F,27,1,3,2,103,0.6,84,0,0,0,0,0
A_592,93117,M,27,1,2,1,103,1.9,120,0,0,1,0,0
A_1016,94949,F,51,2,25,1,104,4.2,0,0,0,1,0,1
A_1624,91711,M,43,1,18,3,104,1,0,0,0,1,0,0
A_3,92037,F,41,3,16,1,104,1,0,0,0,1,0,0
A_1169,91730,F,40,1,16,1,104,3.4,249,0,0,0,0,0
A_1802,92008,F,41,3,16,1,104,4,0,0,1,1,1,0
A_45,95758,F,34,3,9,3,104,1.2,0,0,0,1,0,0
A_590,94301,M,28,1,4,3,104,2.5,0,0,0,0,0,0
A_1967,91711,F,29,3,4,4,104,1.8,0,0,0,0,1,0
A_644,92007,M,27,1,3,2,104,2.5,184,1,0,1,0,0
A_1326,93711,M,67,2,43,4,105,1.7,0,0,0,1,0,0
A_89,93023,M,66,3,41,1,105,0.8,0,1,1,1,1,0
A_1981,91380,M,65,3,39,4,105,1.7,0,1,0,1,0,0
A_1503,92694,F,63,3,37,4,105,1.7,244,0,0,0,1,0
A_1798,90089,M,46,1,20,4,105,3.2,0,0,0,0,0,1
A_968,94708,M,38,1,14,2,105,1.9,0,0,0,1,0,0
A_337,94066,F,37,2,13,1,105,0.8,0,0,0,0,1,0
A_1075,92780,F,35,1,10,1,105,4.6,0,0,0,0,0,0
A_26,95136,F,33,1,9,1,105,4,0,0,0,1,0,0
A_1145,90064,M,35,3,9,2,105,4.5,0,0,0,0,0,0
A_1297,94025,F,31,1,7,1,105,4,331,0,0,1,0,0
A_748,94304,M,27,2,3,1,105,3,0,1,0,0,0,1
A_1105,93943,F,61,2,36,4,108,3.4,0,0,0,1,0,0
A_168,92152,F,60,1,34,2,108,2,359,0,0,1,0,0
A_1246,95123,F,58,1,32,3,108,4.4,0,0,0,1,0,0
A_1788,92120,F,48,3,23,2,108,3.8,0,0,0,0,1,0
A_1784,95120,F,42,1,17,3,108,1,383,0,0,1,0,0
A_908,92717,M,39,2,12,4,108,3.67,301,0,0,0,1,1
A_657,94507,M,31,1,7,1,108,4,0,0,0,1,0,0
A_181,94304,M,29,2,3,4,108,1.8,0,0,0,0,0,0
A_1367,94025,M,40,1,16,2,109,2.2,0,0,0,1,0,0
A_1661,95827,M,39,1,15,1,109,1.7,0,0,0,1,0,0
A_841,94928,F,36,3,12,3,109,0.5,0,1,1,1,0,1
A_350,95032,M,63,3,37,1,110,4.1,0,0,0,0,0,1
A_1347,90007,M,59,1,33,3,110,4.4,264,0,0,1,0,0
A_1035,94143,F,58,2,32,3,110,1.7,0,0,0,0,0,0
A_1093,94501,F,52,3,26,2,110,5.4,204,1,1,1,0,1
A_1510,94509,F,50,2,26,3,110,1.8,0,0,0,1,0,0
A_1824,90639,M,43,1,19,1,110,3.4,0,0,0,0,1,0
A_859,94720,F,42,1,18,2,110,6.1,182,0,0,1,0,0
A_1754,92123,F,31,3,5,2,110,1.5,0,0,0,1,0,0
A_670,96150,F,27,1,3,2,110,0.2,294,1,0,0,1,0
A_510,95814,M,63,1,38,2,111,3.9,207,1,1,1,1,0
A_1462,95120,F,59,1,33,3,111,4.4,0,0,0,1,0,0
A_992,90212,F,58,1,32,2,111,1.4,298,0,0,1,0,0
A_369,93106,F,56,1,30,4,111,0.3,372,1,1,1,0,1
A_84,90502,M,55,3,29,2,111,3.6,0,0,0,0,1,1
A_1013,93023,F,54,2,29,1,111,1.1,0,0,0,1,0,1
A_1713,95037,F,46,1,20,1,111,0,329,0,0,0,0,0
A_1103,94304,M,42,1,17,3,111,3,0,1,1,0,1,1
A_1748,91423,F,43,3,17,4,111,5.4,0,0,0,1,0,1
A_681,92009,M,41,1,16,2,111,0.4,0,0,0,0,0,0
A_978,92028,M,38,1,14,2,111,6.1,326,0,0,0,0,0
A_851,95014,F,32,3,6,2,111,1.5,0,0,0,0,0,0
A_1595,94305,M,31,1,5,2,111,0.2,0,0,0,0,0,0
A_1535,94305,M,28,3,2,4,111,2.3,0,0,0,1,0,0
A_796,94920,M,54,1,30,2,112,6.8,0,0,0,1,0,0
A_302,93014,M,48,2,23,1,112,5.1,86,1,1,1,0,1
A_1837,94111,F,32,2,6,1,112,2.7,408,1,1,1,1,0
A_355,90066,M,27,1,3,3,112,2.5,389,1,0,1,0,0
A_794,94501,F,27,3,2,4,112,1.8,0,1,0,1,0,0
A_385,92507,M,25,1,-1,2,112,2,241,0,0,1,0,0
A_1342,92096,M,65,3,39,4,113,2.4,0,0,0,1,0,0
A_1110,94611,F,63,3,37,4,113,1.7,0,0,0,1,1,0
A_1148,94507,F,60,1,35,1,113,0.9,406,0,0,1,0,0
A_619,91768,M,57,3,32,1,113,0.1,0,0,0,1,0,0
A_1365,91711,M,57,3,31,4,113,0.6,327,0,0,1,0,1
A_307,92704,M,56,1,30,2,113,2.7,352,0,0,0,1,0
A_1770,92038,M,52,3,27,1,113,0.1,0,0,0,0,0,0
A_1727,95032,F,44,1,20,2,113,3.3,0,0,0,1,1,0
A_1948,93933,F,43,2,19,2,113,1.8,0,0,0,0,1,0
A_1572,90036,F,43,1,18,2,113,0.4,325,1,0,0,0,0
A_1471,93014,M,42,1,17,3,113,1,0,1,0,1,0,0
A_504,94305,M,36,1,12,4,113,0.2,0,0,0,0,0,1
A_273,94596,F,35,3,9,3,113,0.8,0,0,0,1,0,1
A_803,94542,M,31,2,7,2,113,2,315,0,0,0,0,0
A_1889,95351,M,29,2,5,2,113,2,84,0,0,1,1,0
A_1538,90064,M,30,1,4,2,113,0.2,0,0,0,1,0,0
A_455,94132,F,29,1,3,2,113,0.2,0,0,0,1,1,0
A_1874,90089,F,25,3,-1,4,113,2.1,0,0,0,1,0,0
A_1744,95616,M,67,3,41,4,114,2.4,0,0,0,1,0,0
A_1900,94305,F,66,3,41,1,114,0.8,0,0,0,1,1,0
A_917,94608,F,65,2,40,4,114,3.4,0,0,0,0,1,0
A_1598,90095,F,64,3,39,1,114,0.8,0,0,0,1,0,0
A_1064,94606,M,59,2,34,3,114,4.2,0,0,0,1,0,1
A_159,94590,M,57,1,31,4,114,5.2,0,1,1,1,0,1
A_441,94304,F,52,1,26,1,114,4.9,0,0,0,0,0,0
A_446,91330,F,52,2,26,2,114,2.4,0,0,0,0,0,0
A_1354,91380,F,49,3,25,1,114,2.5,0,0,0,1,0,1
A_1800,92104,F,50,1,25,1,114,0.6,0,0,0,0,1,0
A_1979,94550,F,49,1,23,1,114,0.3,286,0,0,1,0,0
A_765,92007,F,48,3,22,1,114,2.4,0,0,0,1,0,1
A_1379,94305,M,42,1,18,1,114,0.3,0,0,0,0,0,0
A_466,90065,M,42,1,17,2,114,0.4,0,0,0,0,0,0
A_50,94705,F,41,1,16,4,114,3.5,0,0,0,0,1,1
A_1714,91107,F,37,2,12,3,114,0.6,0,0,0,1,0,0
A_1625,94305,F,34,3,10,3,114,3.3,0,0,0,0,0,1
A_1533,92521,M,28,1,4,2,114,0.2,0,0,0,1,0,0
A_452,94606,F,28,3,2,4,114,2.1,0,0,0,1,0,0
A_366,94105,M,65,2,41,4,115,1.7,0,0,0,0,0,0
A_1579,92647,M,65,1,40,1,115,2.5,174,0,0,0,1,0
A_449,94105,F,64,1,38,1,115,2,0,0,0,1,1,0
A_791,90245,F,62,2,37,4,115,3.4,0,0,0,1,1,0
A_616,95008,F,50,3,26,1,115,1.2,0,0,0,0,1,1
A_1836,95051,M,49,3,23,3,115,4.6,0,0,0,0,0,1
A_1868,91320,F,45,1,21,2,115,3.3,85,0,0,1,0,0
A_387,93711,F,42,1,18,1,115,0.3,0,0,0,0,0,0
A_755,94305,F,40,1,16,1,115,3.4,0,0,0,1,0,0
A_1251,92333,F,41,1,16,1,115,7,0,0,0,0,0,0
A_1264,91765,M,36,2,9,4,115,2.2,0,0,0,0,0,1
A_1906,90025,M,31,3,5,2,115,1.5,189,0,0,1,0,0
A_1891,94010,F,63,1,37,1,118,2,427,0,0,0,0,0
A_1254,94066,F,53,1,29,2,118,0.3,0,0,0,1,0,0
A_272,93009,F,46,1,20,1,118,5.7,0,0,1,1,1,0
A_1815,92069,M,35,1,10,2,118,7.8,358,0,0,0,0,0
A_398,93555,F,39,3,9,2,118,6,246,0,1,1,1,1
A_348,92833,M,25,1,1,1,118,5.4,0,0,0,1,1,0
A_952,94720,M,62,1,36,2,119,2,0,0,0,0,0,0
A_1171,95064,M,61,2,36,2,119,5.4,0,0,0,1,0,1
A_155,90266,F,60,1,35,2,119,3.9,0,1,0,1,0,0
A_264,91355,F,54,1,29,3,119,2,0,1,1,0,0,1
A_931,93940,M,51,1,25,1,119,4.9,208,0,0,1,1,0
A_556,91030,M,49,1,23,1,119,7.3,398,0,0,0,0,0
A_1683,92677,M,44,1,20,2,119,7.5,239,0,0,1,0,0
A_1509,94960,F,41,1,17,2,119,6.1,263,1,0,1,0,0
A_310,94571,F,38,1,13,2,119,7.8,221,0,0,0,0,0
A_1926,90232,F,56,1,32,1,120,7.4,186,0,0,1,0,0
A_997,95616,F,57,1,31,2,120,2,0,0,0,0,1,0
A_1952,92672,M,54,2,27,4,120,3,431,0,0,1,0,1
A_1089,93407,F,42,1,18,2,120,7.5,0,1,0,0,0,0
A_1801,94521,F,41,1,15,1,120,5.2,0,0,0,1,0,0
A_532,94080,M,28,1,3,1,120,0.8,170,0,0,0,0,0
A_1450,95039,F,54,3,30,2,121,1.1,0,1,0,0,0,1
A_221,94066,F,45,1,21,1,121,4.7,0,0,0,0,0,0
A_522,94102,F,41,1,17,1,121,0.3,0,0,0,1,0,0
A_1545,92354,F,39,1,15,1,121,3.5,368,1,0,1,0,0
A_1133,94555,M,30,1,5,2,121,3.1,408,0,0,1,0,0
A_437,90028,M,29,1,4,2,121,3.3,0,0,0,1,0,0
A_282,92806,M,29,1,3,2,121,1.3,0,0,0,0,0,0
A_980,92096,M,28,1,2,2,121,2,341,0,0,1,0,0
A_1421,92606,M,60,1,35,1,122,2.6,352,0,0,0,0,0
A_1273,94301,F,57,1,33,2,122,6,153,1,1,1,1,0
A_182,93555,M,56,1,30,2,122,0.5,0,0,0,0,1,0
A_1156,91765,M,44,1,20,1,122,0.3,0,1,0,1,0,0
A_1358,94590,M,45,2,19,4,122,4.1,0,0,0,1,0,1
A_1178,95819,F,38,1,14,2,122,8,0,0,0,1,1,0
A_59,94305,M,29,1,5,4,122,3,0,0,0,0,1,1
A_473,94545,F,30,1,5,2,122,3.1,0,0,0,0,0,0
A_1069,90840,F,64,1,40,1,123,3.8,0,0,0,1,1,0
A_356,90210,F,62,1,38,1,123,2.9,0,0,0,0,0,0
A_633,90041,F,40,1,14,1,123,5.2,0,0,0,1,0,0
A_839,95060,M,36,2,12,2,123,5.6,0,0,1,1,1,1
A_913,94720,F,37,2,11,1,123,2.3,0,1,1,1,0,1
A_674,94553,F,34,2,9,1,123,1.6,0,0,0,1,0,1
A_654,95605,M,30,1,5,2,123,3.1,0,0,0,1,0,0
A_69,90049,F,57,2,32,1,124,0.2,0,0,0,1,0,1
A_79,93305,M,50,1,24,1,124,4.9,266,0,0,1,0,0
A_1630,90027,F,47,3,22,4,124,5,0,0,0,0,0,1
A_483,90277,F,44,1,20,1,124,4.7,0,0,0,1,1,0
A_1407,94117,F,43,1,17,1,124,5.2,0,0,0,0,0,0
A_1823,94801,M,62,3,37,1,125,1,0,0,0,1,0,1
A_1529,94720,F,60,1,35,2,125,3.9,0,0,0,0,0,0
A_1330,94720,M,58,1,34,1,125,4.3,219,0,0,0,0,0
A_362,91330,M,56,1,32,3,125,0.6,342,0,1,1,1,1
A_1901,90245,F,49,1,23,1,125,2.4,0,0,0,0,1,0
A_1936,94536,F,46,3,22,2,125,4.7,0,0,0,1,0,1
A_211,92122,F,43,1,19,3,125,2.4,0,0,0,1,0,1
A_865,94720,F,43,2,17,4,125,3.5,0,0,0,0,0,1
A_213,95125,F,40,1,16,2,125,2.2,0,0,0,1,0,0
A_537,91754,M,37,1,12,2,125,3.9,0,0,0,1,1,0
A_1988,92182,M,33,3,9,1,125,4.3,0,0,0,1,0,1
A_303,91320,F,33,1,8,1,125,0,0,0,0,1,1,0
A_118,95133,M,32,1,7,1,125,0,0,0,0,1,1,0
A_598,91320,F,31,1,5,2,125,1.3,0,0,0,1,1,0
A_1151,92093,F,62,1,37,1,128,2.5,0,0,0,0,0,0
A_1539,94550,M,61,1,36,1,128,2.6,0,0,0,1,0,0
A_1924,93101,F,60,1,35,1,128,0.9,0,0,0,1,0,0
A_1505,94609,F,58,1,32,2,128,2.7,344,0,0,0,0,0
A_1296,92780,M,50,1,26,2,128,0.4,0,0,0,1,0,0
A_669,94309,M,48,1,23,1,128,0.6,0,0,0,1,1,0
A_292,95054,F,43,1,19,1,128,4.7,0,0,0,1,0,0
A_248,92093,M,43,1,18,4,128,5.3,84,0,0,0,0,1
A_481,94928,F,44,2,17,2,128,3.25,0,0,0,0,1,1
A_1665,92843,F,35,1,10,1,128,3.8,0,0,0,1,0,0
A_802,94143,F,62,1,37,1,129,1.3,0,0,0,1,0,0
A_80,92028,F,60,1,36,2,129,6,0,0,0,1,0,0
A_1998,95039,M,60,1,36,2,129,6,0,0,0,0,0,0
A_1193,92028,F,44,1,18,1,129,5.7,0,0,0,1,0,0
A_774,90035,F,39,1,15,2,129,1.9,0,0,0,0,0,0
A_797,95814,M,31,3,5,3,129,5.9,319,1,1,0,1,1
A_962,92115,M,28,1,4,1,129,1.5,0,0,0,0,1,0
A_1287,90009,M,27,1,2,2,129,3.3,0,1,0,0,0,0
A_1564,90028,F,26,2,0,3,129,0.7,0,0,0,0,0,1
A_966,92717,M,61,1,36,1,130,1.3,257,0,0,0,0,0
A_1252,92646,M,55,1,31,4,130,6.5,0,0,0,0,1,1
A_683,91320,F,50,1,25,1,130,0.6,311,0,0,0,0,0
A_439,95833,M,50,1,24,1,130,1,0,0,0,0,0,0
A_737,91763,M,47,1,23,2,130,1.4,0,0,0,0,0,0
A_1392,90291,F,44,2,20,4,130,3.2,0,0,0,0,0,1
A_1513,90630,M,43,3,19,2,130,4.7,221,0,0,0,1,1
A_818,94611,M,42,1,18,2,130,7.5,0,0,0,0,1,0
A_890,92630,F,29,1,4,2,130,6.7,0,0,0,0,1,0
A_808,92182,F,27,1,2,3,130,4.4,192,0,0,1,0,1
A_1741,91103,M,64,1,40,1,131,3.8,0,0,0,0,0,0
A_65,90502,F,57,1,31,2,131,2.7,0,0,0,0,0,0
A_216,95133,F,57,1,31,2,131,2.7,394,0,0,0,1,0
A_1621,90405,F,57,1,31,3,131,0.6,0,0,0,1,0,1
A_25,92675,F,55,1,29,2,131,2.7,0,1,0,0,0,0
A_742,95070,M,55,2,29,2,131,0.7,0,0,0,0,1,1
A_1957,94024,F,34,1,10,2,131,4.33,156,0,0,1,1,0
A_1187,90089,F,35,3,9,3,131,0.3,0,0,1,1,1,1
A_1152,92068,M,30,3,5,3,131,0.5,0,0,0,0,0,1
A_586,90210,F,62,1,38,1,132,2.9,0,0,0,0,0,0
A_1776,94080,F,63,2,37,1,132,4.4,0,0,0,1,0,1
A_1934,92120,M,47,1,21,1,132,0.3,0,0,0,1,0,0
A_1809,94123,M,35,1,10,1,132,3.8,82,0,0,0,1,0
A_1758,94571,M,31,1,6,1,132,3.8,0,0,0,1,0,0
A_1431,94720,M,26,3,2,2,132,2.4,0,0,0,0,1,1
A_1840,90740,F,48,1,24,1,133,5,0,0,0,0,0,0
A_948,94304,F,49,1,23,1,133,7.3,0,0,0,1,1,0
A_1312,92056,F,45,3,21,4,133,5.7,0,0,1,1,1,1
A_1395,92110,F,34,1,9,1,133,3.8,0,0,0,1,0,0
A_1958,95747,F,31,3,6,1,133,1.5,0,0,0,0,0,1
A_1121,90095,M,29,1,5,1,133,5.4,212,0,0,1,0,0
A_527,90640,F,63,2,38,3,134,4,0,0,0,0,1,1
A_393,92110,M,57,1,33,4,134,0.9,198,0,0,1,0,1
A_1977,92130,F,55,1,31,2,134,0.3,0,0,0,0,0,0
A_243,94105,M,48,1,24,1,134,5,0,0,0,0,1,0
A_1534,92697,F,45,2,21,4,134,5.5,0,0,1,1,1,1
A_711,94575,F,46,1,20,1,134,5.7,146,1,0,1,0,0
A_894,91775,F,34,1,10,1,134,4,0,0,0,0,0,0
A_8,94550,F,34,1,9,1,134,4.6,164,1,0,1,0,0
A_717,92647,F,30,1,5,1,134,0,0,0,0,1,1,0
A_972,96091,M,28,1,3,2,134,3.1,0,0,0,1,0,0
A_1929,90095,F,57,2,32,3,135,4.8,0,1,1,1,0,1
A_1167,93561,F,52,1,27,1,135,0.6,452,0,0,1,0,0
A_1863,95135,F,46,1,22,3,135,4.1,213,0,0,1,0,1
A_1205,92675,M,63,1,38,1,138,2.5,0,0,0,1,0,0
A_872,94143,M,44,1,20,2,138,3.3,0,0,0,0,1,0
A_871,92697,M,39,2,12,1,138,4.67,0,0,0,1,0,1
A_83,92152,F,36,3,6,1,138,7,86,0,0,1,0,1
A_271,94309,F,48,1,22,1,139,0,0,0,1,1,1,0
A_154,95814,M,37,2,11,2,139,0.8,421,0,0,1,0,1
A_1049,90024,M,35,1,10,1,139,4.6,0,0,0,0,0,0
A_139,95828,M,33,3,7,1,139,4,106,0,1,1,1,1
A_1645,91711,F,63,1,37,2,140,6.9,97,0,0,0,1,0
A_712,95035,F,59,1,33,2,140,0.5,262,0,0,1,0,0
A_1768,94122,M,56,1,30,4,140,0.5,292,0,0,0,0,1
A_176,91024,M,45,1,21,2,140,7.6,132,0,0,0,0,0
A_1256,93106,M,46,1,20,2,140,6.3,380,0,0,1,1,0
A_883,90210,F,38,1,13,4,140,0.5,0,0,0,0,0,1
A_1673,95616,F,31,1,7,1,140,4,0,0,0,0,1,0
A_411,92122,F,28,1,2,2,140,2,0,0,0,1,0,0
A_1378,91711,M,27,2,1,1,140,5.9,175,1,1,1,0,1
A_1956,90280,F,65,1,39,2,141,6.9,0,1,0,1,0,0
A_715,92121,F,63,1,37,2,141,6.9,0,0,0,1,1,0
A_1346,90089,M,46,1,22,2,141,3.3,0,1,1,1,1,0
A_460,94706,F,45,1,19,1,141,2.4,0,0,0,1,0,0
A_1775,94960,M,42,2,16,3,141,4,0,0,0,0,0,1
A_1664,92354,M,39,1,15,2,141,8,0,0,0,1,0,0
A_1519,95616,F,34,3,9,2,141,4.9,0,0,0,0,1,1
A_161,90005,M,32,1,8,2,141,4.33,0,0,0,0,0,0
A_495,95747,F,30,1,5,1,141,0.8,0,0,0,1,0,0
A_1819,95135,F,27,3,1,4,141,5.1,354,0,0,0,0,1
A_1047,92333,F,58,1,33,2,142,3.9,0,0,0,0,1,0
A_1150,94080,F,59,1,33,2,142,2.7,0,0,0,0,0,0
A_1469,93106,F,42,1,18,1,142,3.4,496,0,0,1,0,0
A_1866,94061,M,35,3,10,4,142,0.8,0,0,0,0,0,1
A_482,92126,F,30,1,4,3,142,4.2,359,0,0,0,0,1
A_1398,93727,F,28,1,3,1,142,0.8,0,0,0,1,0,0
A_1861,91711,M,39,1,15,1,143,3.5,0,0,0,1,1,0
A_746,94550,M,38,1,13,1,143,4.1,0,0,0,0,0,0
A_277,91365,F,35,1,10,1,143,8.6,0,0,0,1,1,0
A_1182,94063,M,42,1,18,2,144,6.1,158,0,0,0,0,0
A_1136,91040,F,40,1,15,1,144,4.1,0,0,0,0,0,0
A_1141,90009,M,66,1,41,1,145,2.5,0,0,0,1,0,0
A_1002,94025,M,63,1,37,2,145,6.9,0,0,0,1,0,0
A_874,94065,M,42,1,18,2,145,8,505,0,0,0,0,0
A_1426,94110,M,33,1,9,1,145,4.3,437,0,0,1,0,0
A_580,93940,F,31,1,6,1,145,0.8,84,0,0,1,0,0
A_1158,93023,F,63,3,38,2,148,4.3,0,0,0,1,0,1
A_1485,94111,M,62,2,36,3,148,7,0,0,0,1,0,1
A_1995,94143,M,50,1,26,2,148,0.4,508,0,0,0,0,0
A_450,92780,F,27,1,3,1,148,1.5,397,0,0,1,1,0
A_1947,90840,M,63,3,37,2,149,0.2,364,0,0,1,0,1
A_1527,95060,M,57,1,33,1,149,4.7,0,1,0,0,0,0
A_1066,92675,F,47,1,23,4,149,6.1,0,0,0,0,1,1
A_178,92121,M,44,1,20,1,149,1.7,0,0,0,1,0,0
A_1060,92624,F,31,1,7,1,149,6,0,0,0,0,0,0
A_1553,94611,F,29,1,5,1,149,1.5,0,0,0,1,0,0
A_1943,92121,F,28,1,3,1,149,0.8,0,0,0,1,0,0
A_245,95051,F,26,1,0,2,149,7.2,154,0,0,0,0,0
A_518,94551,F,50,1,24,1,150,7.3,0,0,0,1,1,0
A_629,95039,M,48,1,22,1,150,7.3,193,0,0,0,0,0
A_741,94305,F,30,2,3,4,150,5,0,0,0,1,0,1
A_1427,90024,M,45,1,21,2,151,3.3,328,0,0,0,0,0
A_1500,95193,F,44,1,20,1,151,3.5,392,0,0,1,0,0
A_121,92182,F,58,3,34,4,152,3.6,0,0,0,0,0,1
A_1267,92807,M,60,1,34,2,152,6.9,0,0,0,0,0,0
A_1100,95616,F,48,1,22,1,152,0,0,0,0,0,0,0
A_1313,90009,F,46,1,22,2,152,1.4,0,0,0,1,0,0
A_1070,95814,M,46,3,20,1,152,7.4,374,0,1,1,1,1
A_1846,90024,M,33,1,9,1,152,6,0,0,0,1,1,0
A_103,90045,M,63,1,38,1,153,1.3,455,0,0,0,0,0
A_111,91105,M,61,2,36,1,153,2.6,0,1,1,0,1,1
A_1799,95136,F,60,3,35,3,153,2,0,0,0,0,1,1
A_1466,94305,M,55,2,30,2,153,2.8,0,1,1,1,0,1
A_583,90630,M,37,1,13,2,153,6.5,0,0,0,1,1,0
A_635,94305,M,62,1,38,1,154,2.9,0,0,0,1,0,0
A_21,92704,M,61,1,35,2,154,6.9,0,0,0,0,0,0
A_109,93407,M,53,3,29,4,154,7.4,0,0,0,0,0,1
A_1144,95014,M,54,2,29,1,154,2.4,352,0,0,1,0,1
A_730,93109,F,46,1,22,1,154,5,0,0,0,1,0,0
A_1282,90650,M,52,3,22,1,154,5,0,1,1,1,0,1
A_1412,92407,F,41,1,16,1,154,7,0,0,0,0,1,0
A_1698,94122,M,40,1,16,2,154,6.1,325,0,0,1,0,0
A_1969,91320,F,36,1,12,3,154,6.4,0,1,0,0,0,1
A_323,90230,F,30,1,6,1,154,6,0,0,0,0,0,0
A_1050,95621,F,30,1,4,2,154,4.5,207,0,0,1,0,0
A_13,93943,M,62,1,37,1,155,1.3,0,0,0,0,0,0
A_1127,91605,F,61,1,37,1,155,2.9,0,0,0,1,0,0
A_194,94720,M,51,1,27,2,155,0.4,107,0,0,0,1,0
A_782,92806,F,42,1,17,1,155,7,0,0,0,0,1,0
A_4,94002,F,40,3,16,4,155,0.1,0,0,1,1,1,1
A_232,92717,M,33,3,8,1,155,7.4,0,0,0,0,0,1
A_442,90019,F,28,1,4,1,155,6.33,0,0,0,0,0,0
A_1128,93105,F,26,1,0,2,155,7.2,0,0,0,0,0,0
A_1142,92346,M,65,1,41,2,158,2.1,0,0,0,0,0,0
A_131,94301,F,62,3,36,2,158,6.3,0,0,0,1,0,1
A_1329,94085,F,45,1,21,2,158,6.67,132,0,0,1,1,0
A_1194,92870,M,46,1,20,3,158,5.4,432,0,0,0,1,1
A_1186,90740,F,43,1,17,1,158,2.4,0,0,0,1,0,0
A_1640,94304,F,41,2,15,1,158,4.7,0,1,1,0,1,1
A_658,93943,M,37,2,13,2,158,2.3,0,0,1,1,1,1
A_1338,95054,F,36,1,11,2,158,7.8,114,0,0,1,1,0
A_1517,95060,F,27,2,2,3,158,0.4,0,0,1,1,0,1
A_541,93950,F,63,2,38,4,159,4.9,111,0,0,0,0,1
A_1217,94577,M,57,1,31,2,159,0.5,0,0,0,0,0,0
A_1756,92123,M,55,3,31,1,159,3.9,0,0,0,0,0,1
A_1501,90245,F,54,1,28,2,159,0.5,461,0,0,1,0,0
A_498,90089,M,63,1,39,2,160,2.1,0,0,0,1,1,0
A_857,92037,M,47,1,23,2,160,6.67,0,0,0,0,0,0
A_655,94305,F,37,1,12,2,160,3.3,0,0,0,0,0,0
A_1094,92093,F,35,3,11,4,160,5.7,0,1,0,0,0,1
A_557,94108,M,34,3,9,4,160,8,0,0,0,0,1,1
A_1422,90405,M,29,1,5,1,160,4.3,385,0,0,1,0,0
A_341,90274,F,62,1,38,1,161,2.9,0,1,1,1,1,0
A_305,94720,M,56,3,32,1,161,5.8,0,1,0,0,0,1
A_1082,93108,F,52,1,26,4,161,4.3,0,0,1,1,1,1
A_1073,96003,F,48,3,23,4,161,7.9,310,0,0,0,0,1
A_526,95134,F,43,2,16,3,161,8,0,0,1,1,1,1
A_1457,94109,F,35,1,10,1,161,4.1,0,1,0,1,0,0
A_923,92646,F,28,3,3,4,161,1.7,422,0,1,1,1,1
A_647,94596,M,65,1,40,1,162,1.3,0,0,0,1,0,0
A_697,91355,M,48,2,24,4,162,3.3,446,0,1,1,0,1
A_1448,90840,M,44,1,18,4,162,1.3,301,0,0,0,0,1
A_1864,94583,F,36,1,11,1,162,8.6,153,1,0,1,0,0
A_364,94132,F,57,1,33,1,163,7.4,0,0,0,1,0,0
A_902,95014,F,58,1,32,2,163,0.5,400,0,0,0,0,0
A_1470,94608,F,49,1,25,2,163,0.4,0,1,0,0,0,0
A_1077,92653,F,47,1,23,1,163,5,0,0,0,0,0,0
A_1248,95819,F,48,1,22,1,163,2.4,396,0,0,1,0,0
A_1848,94720,F,45,2,18,3,163,5.33,0,0,1,0,1,1
A_1255,95039,F,38,1,13,1,163,4.1,0,0,0,0,0,0
A_1058,90638,F,45,1,21,1,164,5,0,0,0,0,1,0
A_1807,93407,F,42,3,18,1,164,1.3,0,1,1,1,1,1
A_1480,94720,M,40,2,14,1,164,4.3,0,0,0,0,0,1
A_935,94720,M,34,3,8,4,164,7.4,0,0,0,1,0,1
A_1540,94061,M,64,3,38,4,168,5.7,0,0,0,1,0,1
A_1259,95521,M,59,2,35,4,168,4.1,0,0,0,1,0,1
A_970,90404,M,52,3,28,3,168,6.5,118,0,0,1,0,1
A_747,92647,M,38,3,13,2,168,1.3,0,0,0,0,0,1
A_624,94720,M,33,2,6,3,168,5.67,0,1,1,1,0,1
A_1486,95014,F,62,2,37,3,169,5,184,0,1,1,1,1
A_880,91380,M,61,3,36,2,169,6.1,106,0,1,1,1,1
A_494,95054,F,49,3,19,3,169,5.67,167,0,1,0,1,1
A_772,95051,F,57,2,33,2,170,2.1,0,0,0,0,0,1
A_485,90254,M,47,2,23,2,170,6.5,0,0,1,1,1,1
A_1856,95136,F,46,1,21,2,170,2.8,0,0,0,0,0,0
A_62,92037,F,43,1,19,4,170,4.25,318,0,1,1,1,1
A_1877,94010,F,31,1,6,2,170,6.7,137,0,0,1,0,0
A_784,95818,F,27,1,2,3,170,4.7,0,0,0,1,0,1
A_315,94546,F,47,1,23,2,171,1.4,284,0,0,1,1,0
A_269,91330,M,44,1,20,4,171,0.7,567,0,1,1,1,1
A_671,90027,F,42,1,18,2,171,8,0,0,0,1,0,0
A_1021,90212,F,34,2,8,2,171,2.2,569,0,0,1,0,1
A_1944,92612,F,61,1,37,4,172,4.25,0,0,1,1,1,1
A_1038,95136,M,43,1,19,2,172,6.67,0,0,0,1,0,0
A_1336,94704,M,36,2,10,4,172,1,295,0,0,1,0,1
A_756,92093,F,29,1,3,4,172,4.4,0,0,0,0,0,1
A_1492,92373,M,29,1,3,2,172,4.5,415,0,0,1,0,0
A_1201,92121,F,58,3,33,2,173,7.2,0,0,0,1,0,1
A_152,94546,M,48,1,23,3,173,0.2,0,0,1,1,1,1
A_1689,91355,M,42,2,16,2,173,1.5,373,0,1,1,1,1
A_539,92121,F,28,1,3,2,173,6.7,222,0,0,1,0,0
A_1806,91006,F,53,2,27,1,174,2.9,0,0,0,1,0,1
A_575,94025,M,47,3,21,4,174,3.2,0,0,0,0,0,1
A_1950,90503,F,57,1,31,2,175,0.5,429,0,0,1,1,0
A_136,92646,F,40,1,15,2,175,3.3,0,0,0,1,0,0
A_1907,94080,M,39,1,15,2,175,8,0,0,0,1,0,0
A_1018,92037,M,37,1,12,2,175,7.8,297,0,0,1,1,0
A_1,92354,F,33,1,8,2,175,6.7,102,0,0,1,0,0
A_1622,95051,M,34,3,8,4,175,1.1,0,1,1,1,1,1
A_1408,95005,F,31,1,6,2,175,6.7,0,0,0,1,0,0
A_982,92009,F,58,2,31,2,178,6,0,0,0,1,0,1
A_589,93014,M,47,3,23,1,178,6.5,0,0,0,0,0,1
A_313,94303,M,34,3,9,1,178,0.8,0,0,0,0,0,1
A_958,94063,F,30,1,5,2,178,6.7,0,0,0,0,0,0
A_1474,94025,M,50,1,24,1,179,1,0,0,0,1,0,0
A_1750,94609,F,50,2,23,4,179,3.6,0,0,0,1,0,1
A_1576,94108,M,43,1,18,3,179,1.2,0,1,1,1,0,1
A_607,94720,M,40,1,14,2,179,0,0,0,0,0,0,0
A_957,90025,M,40,3,14,1,179,2.6,0,0,0,1,0,1
A_1116,93943,M,38,1,13,1,179,4.1,0,0,0,1,0,0
A_507,94596,F,38,1,12,2,179,0,380,0,0,0,0,0
A_340,91103,F,30,1,6,3,179,4.9,142,0,0,1,0,1
A_547,91770,M,58,1,32,1,180,2.9,0,0,0,0,1,0
A_1648,94701,F,51,1,25,1,180,1.7,0,0,0,1,0,0
A_521,95403,M,45,2,20,3,180,8.5,535,0,0,0,0,1
A_1753,90095,M,40,1,15,1,180,4.1,0,0,0,0,0,0
A_687,90245,F,38,3,12,1,180,2.8,158,0,0,1,0,1
A_81,93407,M,31,1,7,1,180,4.3,0,0,0,0,0,0
A_106,93108,F,31,1,6,2,180,6.7,0,0,0,0,0,0
A_1041,94720,M,31,3,5,1,180,2.9,144,1,0,0,0,1
A_417,95051,M,51,3,25,1,181,3.3,589,1,1,1,0,1
A_1318,94542,F,30,2,6,3,181,4.1,0,0,1,1,1,1
A_795,95818,F,52,2,26,2,182,1.4,0,0,0,1,0,1
A_1271,94710,F,44,1,20,2,182,7.6,0,0,0,0,0,0
A_132,92626,F,48,3,18,4,182,6,0,0,0,1,0,1
A_1285,94523,F,37,3,12,3,182,5.8,0,0,0,1,0,1
A_1432,94065,M,33,1,8,1,182,8.6,0,0,0,0,0,0
A_1978,93561,F,30,3,6,4,182,0.8,94,0,0,1,0,1
A_1853,92660,F,28,2,2,3,182,7.2,442,0,1,1,1,1
A_664,90095,M,62,3,36,2,183,3.4,0,0,0,0,0,1
A_1332,93105,F,54,1,29,1,183,8.1,0,0,0,1,1,0
A_1292,96008,F,53,3,28,3,183,8.2,467,0,1,1,1,1
A_1493,90029,M,45,1,21,2,183,1.4,0,0,0,1,1,0
A_710,94704,F,36,3,11,1,183,3,0,0,1,1,1,1
A_1249,91320,F,33,3,9,2,183,8.8,582,0,0,1,0,1
A_474,94080,M,32,1,8,1,183,6,0,0,0,0,0,0
A_63,92028,F,61,2,36,4,184,2.3,342,0,1,1,1,1
A_370,90630,F,52,1,27,1,184,8.1,0,0,0,0,0,0
A_853,94304,F,33,2,9,2,184,4.8,0,0,0,0,0,1
A_1337,93106,M,34,1,8,3,184,7.5,0,0,0,0,0,1
A_175,91911,F,30,1,6,1,184,6,0,0,0,1,0,0
A_836,92064,F,31,2,5,4,184,3.4,0,0,1,1,1,1
A_1253,94309,F,63,2,37,2,185,7.9,358,0,0,1,0,1
A_363,91711,F,56,1,30,1,185,2.9,0,0,0,0,0,0
A_278,94086,M,44,1,20,3,185,2.7,0,0,0,1,0,1
A_862,94131,M,46,2,20,4,185,7.5,428,0,0,0,1,1
A_1289,94705,F,42,2,16,3,185,2.2,0,1,1,1,1,1
A_785,92009,F,32,1,7,2,185,6.7,0,0,1,1,1,0
A_567,94305,M,51,2,27,2,188,6.9,343,0,0,1,0,1
A_199,91304,F,36,1,12,2,188,6.5,0,0,0,1,1,0
A_1339,94596,M,35,3,11,1,188,0.9,282,0,0,1,0,1
A_676,95211,M,51,2,24,4,189,4.75,0,0,0,1,0,1
A_1384,90032,F,56,1,32,3,190,2.2,0,0,1,1,0,1
A_146,95138,F,51,2,25,2,190,4.2,0,0,0,1,0,1
A_1792,94550,M,47,1,22,2,190,8.8,0,0,0,0,0,0
A_726,92093,M,35,2,11,3,190,3.1,266,0,0,0,0,1
A_1321,94305,F,37,2,11,4,190,7.3,565,0,1,1,0,1
A_265,94080,F,29,1,3,2,190,4.5,0,0,0,1,0,0
A_1831,92121,M,52,1,26,1,191,1.7,0,0,0,1,0,0
A_1938,95053,F,48,1,23,2,191,2.8,231,0,0,0,1,0
A_1126,92007,F,45,3,20,3,191,2.6,123,0,0,0,0,1
A_392,94304,M,42,2,16,3,191,4.8,0,1,1,1,0,1
A_1184,91710,M,38,1,13,2,191,3,0,0,0,1,0,0
A_415,94086,M,34,3,9,1,191,4.8,0,0,1,1,1,1
A_72,90089,M,56,3,31,1,192,7,0,0,1,1,0,1
A_263,94720,M,53,1,27,1,192,1.7,601,0,0,1,0,0
A_31,94115,M,50,1,25,2,192,2.8,238,0,0,0,1,0
A_117,94022,M,30,3,6,3,193,6.3,0,0,0,1,0,1
A_695,94501,M,28,2,3,3,193,4,0,0,0,1,0,1
A_304,94022,F,49,2,23,4,194,8.3,0,0,0,0,1,1
A_1436,91125,M,62,3,38,4,195,5.2,522,0,1,1,1,1
A_1963,90066,M,60,1,36,1,195,4.7,0,0,0,1,0,0
A_1233,93117,M,54,2,27,2,195,4.75,477,0,0,0,0,1
A_1414,91763,M,37,1,13,2,195,6.5,635,0,0,1,0,0
A_32,94301,M,29,1,5,1,195,4.3,0,0,0,0,0,0
A_184,95521,F,46,1,22,2,198,6.67,0,0,0,0,1,0
A_1604,95053,M,45,1,20,2,198,2.8,0,0,0,1,1,0
A_799,95819,M,34,1,9,2,198,3,422,0,0,1,0,0
A_196,91330,F,32,1,8,2,200,6.5,565,0,0,1,0,0
A_381,94305,M,43,1,19,2,201,6.67,0,1,0,1,0,0
A_927,95819,M,44,1,19,2,201,8.8,0,0,0,1,1,0
A_817,95054,M,43,2,16,1,201,10,0,0,0,0,1,1
A_191,95819,F,27,1,3,1,201,6.33,158,0,0,1,0,0
A_581,95032,M,35,3,5,1,203,10,0,0,0,0,0,1
A_758,91107,F,30,1,4,2,204,4.5,0,0,0,1,0,0
A_1468,95762,F,46,1,21,2,205,8.8,181,1,0,1,0,0
